frac,model,fold,accuracy,precision,recall,f1,roc_auc,pr_auc
0.25,RAW-STATS+XGBoost,1,0.7870563674321504,0.47205438066465255,0.6606765327695561,0.5506607929515418,0.8255669580884958,0.5604841380274727
0.25,RAW-STATS+RF,1,0.7801670146137787,0.4598046581517656,0.6469344608879493,0.5375494071146245,0.8215953365174138,0.5400353135221965
0.25,RAW-STATS+LR,1,0.6933194154488518,0.35918147549811524,0.7050739957716702,0.47591865858009275,0.7638621073890173,0.4304192293402737
0.25,RAW-FLAT+XGBoost,1,0.8033402922755741,0.501628664495114,0.6511627906976745,0.5666973321067157,0.8280954036163,0.5636998311695121
0.25,RAW-FLAT+LR,1,0.7075156576200418,0.37081203861442363,0.6902748414376322,0.4824528998891762,0.7708392915677599,0.456518921643898
0.25,RAW-STATS+XGBoost,2,0.8182831661092531,0.5406320541760722,0.5400225479143179,0.5403271291596164,0.817487386516247,0.5740702794039643
0.25,RAW-STATS+RF,2,0.8156075808249721,0.5321199143468951,0.560315670800451,0.5458539264140582,0.8195925583109244,0.5737709654577989
0.25,RAW-STATS+LR,2,0.7518394648829432,0.41226708074534163,0.5986471251409244,0.4882758620689655,0.7736513395579281,0.4597195107328965
0.25,RAW-FLAT+XGBoost,2,0.8111482720178372,0.5213219616204691,0.5512965050732808,0.5358904109589041,0.8165171305867658,0.561260244416764
0.25,RAW-FLAT+LR,2,0.757190635451505,0.422782874617737,0.6234498308906427,0.503872437357631,0.7766402855651361,0.46192684214681573
0.25,RAW-STATS+XGBoost,3,0.7681192142695868,0.40780413159908185,0.678117048346056,0.5093167701863354,0.8148870677425911,0.5231755573582234
0.25,RAW-STATS+RF,3,0.7516369383608038,0.385233918128655,0.6704834605597965,0.489322191272052,0.8044609935468279,0.5089988937671497
0.25,RAW-STATS+LR,3,0.6735154662452021,0.31376975169300225,0.7073791348600509,0.43471462079749806,0.7577179281399233,0.3707137272914981
0.25,RAW-FLAT+XGBoost,3,0.7724091216979002,0.41019417475728154,0.6450381679389313,0.5014836795252225,0.8088669475916376,0.5163467307440472
0.25,RAW-FLAT+LR,3,0.6942876495822985,0.32973621103117506,0.6997455470737913,0.4482477587612062,0.7593320942460672,0.3832556624087388
0.25,RAW-STATS+XGBoost,4,0.7859554355165429,0.560486757337151,0.6991071428571428,0.6221692491060786,0.8418912020119513,0.6449941538369318
0.25,RAW-STATS+RF,4,0.7949583614674769,0.5750179468772434,0.7151785714285714,0.6374850775964982,0.8484523451270366,0.6479695449227807
0.25,RAW-STATS+LR,4,0.6839972991222147,0.42702980472764646,0.7419642857142857,0.5420743639921722,0.7817646758522849,0.5175190169541739
0.25,RAW-FLAT+XGBoost,4,0.7897816790456899,0.5691964285714286,0.6830357142857143,0.6209415584415584,0.8399859206396972,0.6275249607839122
0.25,RAW-FLAT+LR,4,0.7080801260409633,0.45264847512038525,0.7553571428571428,0.5660756105720977,0.7916050470745023,0.5270291529517831
0.25,RAW-STATS+XGBoost,5,0.7824136384028713,0.508585445625511,0.627648839556004,0.5618789521228545,0.8226102997354034,0.6018556436729112
0.25,RAW-STATS+RF,5,0.7716464782413638,0.4892772041302621,0.6215943491422805,0.5475555555555556,0.821429787615508,0.5977652005038022
0.25,RAW-STATS+LR,5,0.6671152983400628,0.3626740947075209,0.656912209889001,0.46733668341708545,0.7317843574576729,0.38306115316622225
0.25,RAW-FLAT+XGBoost,5,0.7853297442799462,0.5142378559463987,0.6195761856710393,0.5620137299771167,0.809875554347361,0.5793459781909962
0.25,RAW-FLAT+LR,5,0.6895468820098699,0.38621887666473653,0.6730575176589304,0.49080206033848417,0.7456130266136212,0.4081193665068168
0.5,RAW-STATS+XGBoost,1,0.8079331941544885,0.5107438016528926,0.653276955602537,0.5732838589981447,0.8448096261602057,0.6188526624093589
0.5,RAW-STATS+RF,1,0.8054279749478079,0.5059523809523809,0.6289640591966174,0.5607917059377945,0.8401187540286832,0.5994642916016025
0.5,RAW-STATS+LR,1,0.7342379958246347,0.40250447227191416,0.7135306553911205,0.5146778497903164,0.795992299027836,0.5044350342706156
0.5,RAW-FLAT+XGBoost,1,0.8167014613778706,0.531021897810219,0.6152219873150105,0.5700293829578844,0.8359148988126798,0.6001382172625221
0.5,RAW-FLAT+LR,1,0.7375782881002088,0.40512507626601585,0.7019027484143763,0.5137330754352031,0.7940152193473589,0.5188187502432057
0.5,RAW-STATS+XGBoost,2,0.8256410256410256,0.559322033898305,0.5580608793686584,0.5586907449209932,0.8321834816160552,0.618065618019692
0.5,RAW-STATS+RF,2,0.8236343366778149,0.5555555555555556,0.5411499436302142,0.548258138206739,0.8197896488904961,0.5995121270880834
0.5,RAW-STATS+LR,2,0.7665551839464882,0.4371069182389937,0.6268320180383314,0.5150532654006484,0.7928197301143752,0.5082176133881547
0.5,RAW-FLAT+XGBoost,2,0.8256410256410256,0.5630252100840336,0.5287485907553551,0.5453488372093023,0.8286142307545279,0.5999370283053027
0.5,RAW-FLAT+LR,2,0.768561872909699,0.442056792018419,0.649379932356257,0.5260273972602739,0.792020870921024,0.504890893983684
0.5,RAW-STATS+XGBoost,3,0.7891171822081734,0.43853820598006643,0.6717557251908397,0.5306532663316583,0.821294489973102,0.5459159520578782
0.5,RAW-STATS+RF,3,0.7807631519530368,0.4227234753550543,0.6437659033078881,0.5103378719112456,0.8091707824060784,0.5301259368037903
0.5,RAW-STATS+LR,3,0.7236396477760216,0.3551587301587302,0.683206106870229,0.46736292428198434,0.7820306502973041,0.4300064718036484
0.5,RAW-FLAT+XGBoost,3,0.7981485662677805,0.4487666034155598,0.6017811704834606,0.5141304347826087,0.8193345808022497,0.5360989710133248
0.5,RAW-FLAT+LR,3,0.7234138631745315,0.35587655942219304,0.6895674300254453,0.46946730186227803,0.7745594569808318,0.44336105040955187
0.5,RAW-STATS+XGBoost,4,0.7882061670042764,0.5615120274914089,0.7294642857142857,0.6345631067961165,0.8531616761962082,0.6758347347772737
0.5,RAW-STATS+RF,4,0.7870808012604096,0.5607541899441341,0.7169642857142857,0.6293103448275862,0.8537151777653584,0.6696386089311995
0.5,RAW-STATS+LR,4,0.7166329056943507,0.46312997347480106,0.7794642857142857,0.5810316139767054,0.8123715661407506,0.5729373046945093
0.5,RAW-FLAT+XGBoost,4,0.7981093855503039,0.5870413739266198,0.6714285714285714,0.626405664306539,0.8531157301921671,0.6644798601577442
0.5,RAW-FLAT+LR,4,0.7238352464550979,0.4707809939923539,0.7696428571428572,0.5842087427990512,0.8073153561755728,0.5686858205755712
0.5,RAW-STATS+XGBoost,5,0.8014804845222072,0.5429497568881686,0.6760847628657921,0.6022471910112359,0.8392402112231894,0.6436142960984933
0.5,RAW-STATS+RF,5,0.7956482727680574,0.532626427406199,0.6589303733602422,0.589084348218313,0.84293862530295,0.6426288475477767
0.5,RAW-STATS+LR,5,0.7079407806191117,0.41088825214899716,0.7235116044399597,0.5241228070175439,0.7773494767007482,0.46574991551395545
0.5,RAW-FLAT+XGBoost,5,0.8034993270524899,0.5520361990950227,0.615539858728557,0.5820610687022901,0.8294090133963095,0.615951386666816
0.5,RAW-FLAT+LR,5,0.7137729923732615,0.4166179052077238,0.7184661957618567,0.5274074074074074,0.773931201406835,0.44841213958622134
0.75,RAW-STATS+XGBoost,1,0.8150313152400835,0.5254668930390493,0.6543340380549683,0.5828625235404896,0.8480592472164963,0.641942002009926
0.75,RAW-STATS+RF,1,0.811482254697286,0.5192825112107623,0.6120507399577167,0.5618631732168851,0.8422078943489538,0.6111357509853363
0.75,RAW-STATS+LR,1,0.753027139874739,0.4239897370109044,0.6987315010570825,0.5277445109780439,0.8074767958851884,0.5349600528521756
0.75,RAW-FLAT+XGBoost,1,0.8240083507306889,0.5509396636993076,0.5887949260042283,0.569238630556975,0.8478574005671505,0.6256382744379688
0.75,RAW-FLAT+LR,1,0.7532359081419624,0.4231770833333333,0.6871035940803383,0.523771152296535,0.7999600706628269,0.5296114015675691
0.75,RAW-STATS+XGBoost,2,0.8278706800445931,0.5661680092059839,0.5546786922209695,0.5603644646924829,0.8369030019809327,0.623817295688418
0.75,RAW-STATS+RF,2,0.8292084726867336,0.5766793409378961,0.5129650507328072,0.5429594272076372,0.8254150339064733,0.6020041237038927
0.75,RAW-STATS+LR,2,0.7754738015607581,0.45098039215686275,0.6223224351747464,0.5229748934154429,0.7982087004367326,0.5278025885531953
0.75,RAW-FLAT+XGBoost,2,0.8280936454849498,0.5728643216080402,0.5140924464487034,0.5418894830659536,0.8274185270158231,0.6040880903646393
0.75,RAW-FLAT+LR,2,0.7681159420289855,0.4383561643835616,0.6133032694475761,0.5112781954887218,0.7872415027013003,0.5137893435745382
0.75,RAW-STATS+XGBoost,3,0.7943102280424476,0.4470787468247248,0.6717557251908397,0.5368581596339603,0.8289327924375165,0.5546198006063855
0.75,RAW-STATS+RF,3,0.7798600135470761,0.4190231362467866,0.6221374045801527,0.500768049155146,0.8049733219063505,0.5137597854915013
0.75,RAW-STATS+LR,3,0.7389930006773539,0.3682336182336182,0.6577608142493638,0.47214611872146117,0.7810555850077425,0.4512752945960427
0.75,RAW-FLAT+XGBoost,3,0.8132761345676225,0.47875647668393784,0.5877862595419847,0.5276984580239863,0.8225332280039309,0.5416409312953514
0.75,RAW-FLAT+LR,3,0.7324452472341386,0.36344969199178645,0.6755725190839694,0.472630173564753,0.7736989409086686,0.45434495022456645
0.75,RAW-STATS+XGBoost,4,0.7940580688723835,0.5705437026841018,0.7401785714285715,0.6443839875631558,0.8583898478139375,0.6861204116810242
0.75,RAW-STATS+RF,4,0.7875309475579564,0.5620592383638928,0.7116071428571429,0.628053585500394,0.8526860947508705,0.6790408914422971
0.75,RAW-STATS+LR,4,0.7292370020256583,0.47726027397260273,0.7776785714285714,0.5915110356536503,0.818502267744293,0.5886523758626315
0.75,RAW-FLAT+XGBoost,4,0.8044114337159577,0.5995241871530531,0.675,0.6350272994540109,0.8582005556510899,0.6821165910517604
0.75,RAW-FLAT+LR,4,0.7348638307449922,0.48346636259977194,0.7571428571428571,0.5901183020180932,0.8126620201195134,0.5869214098619834
0.75,RAW-STATS+XGBoost,5,0.8093315388066398,0.56,0.6639757820383451,0.6075715604801477,0.8498025348994716,0.6691859321304655
0.75,RAW-STATS+RF,5,0.8046209062359803,0.5529100529100529,0.6326942482341069,0.5901176470588235,0.8436627658735368,0.652640814142797
0.75,RAW-STATS+LR,5,0.737101839389861,0.44253968253968257,0.7033299697275479,0.5432579890880749,0.7960970918829021,0.5147024618566727
0.75,RAW-FLAT+XGBoost,5,0.8151637505607896,0.5768169273229071,0.6326942482341069,0.6034648700673725,0.839686395907558,0.6442999241455687
0.75,RAW-FLAT+LR,5,0.7274562584118439,0.42938209331651955,0.6871846619576185,0.5285215366705471,0.7756583115940785,0.4631915440572997
1.0,RAW-STATS+XGBoost,1,0.8131524008350731,0.5217021276595745,0.6479915433403806,0.5780292314945781,0.8499767903852796,0.6403228449516943
1.0,RAW-STATS+RF,1,0.8066805845511482,0.5085178875638842,0.63107822410148,0.5632075471698114,0.838017513909269,0.6012277620161447
1.0,RAW-STATS+LR,1,0.753027139874739,0.42300194931773877,0.6881606765327696,0.523943661971831,0.8051800340114355,0.5358762898516422
1.0,RAW-FLAT+XGBoost,1,0.8325678496868476,0.5717131474103586,0.6067653276955602,0.5887179487179487,0.8518877336636214,0.6379152591290187
1.0,RAW-FLAT+LR,1,0.7528183716075156,0.42181340341655715,0.678646934460888,0.520259319286872,0.7927265907385938,0.5199827405984813
1.0,RAW-STATS+XGBoost,2,0.830546265328874,0.5739231664726426,0.5558060879368658,0.5647193585337915,0.8366285165314816,0.6243712602481285
1.0,RAW-STATS+RF,2,0.8327759197324415,0.5872611464968153,0.5197294250281849,0.5514354066985646,0.8255375496721528,0.6111674313229816
1.0,RAW-STATS+LR,2,0.7759197324414716,0.4519543973941368,0.6257046223224352,0.524822695035461,0.7986013148981052,0.5295051156722294
1.0,RAW-FLAT+XGBoost,2,0.8301003344481606,0.5770653514180024,0.5276211950394588,0.5512367491166078,0.8348807084983327,0.6147701126903853
1.0,RAW-FLAT+LR,2,0.7681159420289855,0.43845534995977475,0.6144306651634723,0.5117370892018779,0.7800984575547105,0.5025908843696508
1.0,RAW-STATS+XGBoost,3,0.7949875818469181,0.4489966555183946,0.683206106870229,0.5418768920282543,0.8305240836237227,0.5569150245085731
1.0,RAW-STATS+RF,3,0.7807631519530368,0.4210076857386849,0.6272264631043257,0.5038323965252938,0.8073474242840151,0.5108214266908961
1.0,RAW-STATS+LR,3,0.7464438925265297,0.3779869659666908,0.6641221374045801,0.48177203507152744,0.7854950656527665,0.4584561709235512
1.0,RAW-FLAT+XGBoost,3,0.8153081959810341,0.48336798336798337,0.5916030534351145,0.5320366132723112,0.8250328805146891,0.5530363648029897
1.0,RAW-FLAT+LR,3,0.7315421088281779,0.36036036036036034,0.6615776081424937,0.46657694033198743,0.7693092263108376,0.44463351256744027
1.0,RAW-STATS+XGBoost,4,0.7960837272113437,0.5764285714285714,0.7205357142857143,0.6404761904761904,0.8625900111775074,0.6988933756710216
1.0,RAW-STATS+RF,4,0.7882061670042764,0.5622825330549757,0.7214285714285714,0.6319906140007822,0.850207160053308,0.670886661937705
1.0,RAW-STATS+LR,4,0.7272113436866982,0.4747530186608123,0.7723214285714286,0.5880353501019715,0.8176429968616997,0.5949331443030301
1.0,RAW-FLAT+XGBoost,4,0.8125140670717983,0.6156325543916197,0.6821428571428572,0.6471833968657349,0.8638786488113152,0.6944986304028814
1.0,RAW-FLAT+LR,4,0.7274364168354716,0.473376243417203,0.7223214285714286,0.5719335454224107,0.8089687405958471,0.5872188360495505
1.0,RAW-STATS+XGBoost,5,0.8120233288470166,0.5654405474764757,0.6670030272452069,0.612037037037037,0.849912844094107,0.6643514421957533
1.0,RAW-STATS+RF,5,0.8017048003589053,0.5453005927180355,0.649848637739657,0.5930018416206262,0.8480151766824408,0.6548842503465079
1.0,RAW-STATS+LR,5,0.7456258411843876,0.45335942596216566,0.7013118062563067,0.5507131537242472,0.8083390840611363,0.5363253849256909
1.0,RAW-FLAT+XGBoost,5,0.8212202781516375,0.5936293436293436,0.62058526740666,0.6068080907745437,0.8477907746004785,0.6574868888962573
1.0,RAW-FLAT+LR,5,0.7261103633916555,0.42830423940149626,0.693239152371342,0.5294797687861271,0.7708077630896122,0.44641754755208596
