fold,feature,beta,se,wald_z,p
1,mean(speed_mps),-0.57903653,0.061890655699611496,-9.355798985923247,0.0
1,mean(accel),-0.070374735,0.05150495135849612,-1.366368336315636,0.17182338193917213
1,mean(heading_change),-0.26710856,0.028935438644163612,-9.231190959060726,0.0
1,mean(progress_frac),-1.827891,0.05297834723540292,-34.50260507453352,0.0
1,mean(progress_rate),0.16965427,0.0536468003767075,3.162430263404499,0.0015645820450782555
1,mean(cross_track_m),0.21780232,0.06091662617364124,3.575416592008131,0.00034967064600732733
1,mean(dwell_frac),-0.20632432,0.0416676722813687,-4.951664269089939,7.358146936198295e-07
1,mean(tod_sin),-0.07311598,12.839562310595355,-0.005694585247265988,0.9954564029078998
1,mean(tod_cos),0.08454578,11.804349690747838,0.007162256787836874,0.9942853947464172
1,mean(is_weekend),0.03726679,70.83547883652265,0.000526103465085029,0.9995802301871881
1,mean(rain_mm),-0.00197547,0.04344132938009502,-0.045474436852921754,0.9637291502503746
1,mean(headway_min),0.111043334,51063.76483227487,2.174601390477151e-06,0.9999982649191246
1,std(speed_mps),0.1580739,0.19930581692008262,0.793122371302947,0.4277065299687446
1,std(accel),0.21677753,0.17532130376584568,1.2364585970812338,0.2162881465225599
1,std(heading_change),0.23583713,0.06500954045725385,3.6277311003872463,0.0002859228157001681
1,std(progress_frac),0.054688603,0.04813879250716612,1.1360609570293478,0.255931053673486
1,std(progress_rate),-0.17392182,0.1912687536125906,-0.9093059907414914,0.3631886292382924
1,std(cross_track_m),-0.40425125,0.08750332794724175,-4.6198385493196215,3.840387640341447e-06
1,std(dwell_frac),-0.02711954,0.04171619821757037,-0.6500961457862271,0.5156301186894992
1,std(tod_sin),0.20096472,3.8771619323575113,0.051832944448334244,0.9586618049507258
1,std(tod_cos),0.0038857958,4.831418253224217,0.0008042764307068315,0.9993582803225052
1,std(is_weekend),-0.032554235,0.1170686106951141,-0.27807825783586476,0.7809522854980426
1,std(rain_mm),-0.01144568,0.0879742872855255,-0.13010255672452475,0.8964852873418494
1,std(headway_min),0.02315113,0.01993236504720737,1.1614843210700796,0.2454449956960003
1,min(speed_mps),-0.055118915,0.03772367179947211,-1.4611227397637707,0.14398176073342572
1,min(accel),0.23215958,0.14013296593273553,1.6567092776164003,0.09757826638898703
1,min(heading_change),-0.019251283,0.018943090306969484,-1.016269412552862,0.30950111010771164
1,min(progress_frac),0.602862,0.04655163342279685,12.950394135260673,0.0
1,min(progress_rate),-0.014639586,0.03730328748923608,-0.39244761509223897,0.6947275101788042
1,min(cross_track_m),0.024588946,0.019210555388014944,1.2799706076380184,0.20055547324598777
1,min(dwell_frac),0.16020747,0.027685280787303562,5.786737960934614,7.1766397269357185e-09
1,min(tod_sin),-0.09679285,35.072167979312425,-0.002759819323835357,0.9977979855662182
1,min(tod_cos),0.038641512,30.787629010212818,0.0012550986755470296,0.9989985764074161
1,min(is_weekend),0.037265558,30.323873337411335,0.001228918132624817,0.999019465442295
1,min(rain_mm),0.045947567,0.027419390515112062,1.6757326025584829,0.09379058078188018
1,min(headway_min),0.111044265,25624.860711029483,4.333458299815928e-06,0.9999965424005277
1,max(speed_mps),-0.2687987,0.24166796987344272,-1.112264521676065,0.2660244333548327
1,max(accel),0.24280019,0.10851576181216617,2.2374647423576954,0.025255981206060207
1,max(heading_change),-0.14679797,0.05210132942835988,-2.817547489631219,0.0048391957720756995
1,max(progress_frac),0.112074964,0.04650468793170294,2.4099713111299446,0.01595377497803141
1,max(progress_rate),-0.066968806,0.1863768196793551,-0.3593193949933509,0.7193561667433817
1,max(cross_track_m),0.5233925,0.05244985586500733,9.978912045826675,0.0
1,max(dwell_frac),0.039664887,0.020783408097845582,1.9084880932474964,0.05632816063944879
1,max(tod_sin),-0.07423878,34.640014822199234,-0.002143150848569159,0.9982900143354765
1,max(tod_cos),0.019977786,36.03069242963055,0.0005544657707018229,0.9995576003447313
1,max(is_weekend),0.037265558,39.96827867503806,0.0009323783518112075,0.9992560698160498
1,max(rain_mm),-0.091423795,0.09700838801156929,-0.9424318504940663,0.3459715868708382
1,max(headway_min),0.111044265,25438.825659594604,4.365149036978282e-06,0.9999965171149778
2,mean(speed_mps),-0.5945051,0.06168938611490664,-9.637072259604773,0.0
2,mean(accel),-0.06858252,0.05124728082805984,-1.3382665144513644,0.1808095733858246
2,mean(heading_change),-0.25917304,0.029820908278372082,-8.69098396340969,0.0
2,mean(progress_frac),-1.8149585,0.052118103970571455,-34.82395396047454,0.0
2,mean(progress_rate),0.19703901,0.05275449767160021,3.735018184935494,0.00018770162332581997
2,mean(cross_track_m),0.20690475,0.05984531825513076,3.4573256534547165,0.0005455651324584032
2,mean(dwell_frac),-0.20180263,0.039346658804413535,-5.128837679847369,2.915365773237255e-07
2,mean(tod_sin),-0.08395567,12.957031835259501,-0.0064795447738651485,0.9948301074398203
2,mean(tod_cos),0.09021102,11.567544071987399,0.007798631961853055,0.9937776550347652
2,mean(is_weekend),0.0071461583,29.35591126437733,0.00024343166155800375,0.9998057696375506
2,mean(rain_mm),-0.005776876,0.043026084165368975,-0.13426451024060057,0.8931934158214814
2,mean(headway_min),0.096838556,54277.081719287,1.7841518586224443e-06,0.9999985764527779
2,std(speed_mps),0.19532667,0.20547998092668085,0.9505873522247971,0.3418138915782025
2,std(accel),0.043222547,0.17804226207693505,0.2427656561607627,0.8081869421770904
2,std(heading_change),0.1532844,0.061669804251523616,2.485566519334878,0.012934541147945344
2,std(progress_frac),0.057766918,0.048789833227063005,1.1839949897783955,0.23641504612148267
2,std(progress_rate),-0.0378339,0.19555358298957168,-0.19347075456850532,0.8465903078142973
2,std(cross_track_m),-0.37938082,0.08564991787697522,-4.429435912905743,9.447988306821031e-06
2,std(dwell_frac),-0.0911698,0.03761650913500494,-2.423664475532624,0.015364793850591196
2,std(tod_sin),0.2078332,3.8323682170222573,0.054231010415438756,0.9567511142911937
2,std(tod_cos),-0.025283664,4.815116267912068,-0.005250893863859713,0.9958104121080942
2,std(is_weekend),0.08009136,0.021241474854885128,3.7705177149090794,0.00016290923732587004
2,std(rain_mm),-0.009937128,0.08702142200789424,-0.1141917452373277,0.9090857954520364
2,std(headway_min),0.05273192,0.01787871984096961,2.9494237005077157,0.003183671738503424
2,min(speed_mps),-0.011162666,0.040521158048326934,-0.2754774594370499,0.7829494409016688
2,min(accel),0.39309168,0.14115324801667153,2.7848574803815844,0.005355125502222835
2,min(heading_change),-0.013807988,0.018755180983425688,-0.7362225833215065,0.46159525081333563
2,min(progress_frac),0.6582496,0.04631407414353725,14.212734007871303,0.0
2,min(progress_rate),-0.054909647,0.04095881235454866,-1.34060641299283,0.18004827402601054
2,min(cross_track_m),0.0027349745,0.01912085445444228,0.14303620682107507,0.8862615862728269
2,min(dwell_frac),0.08964034,0.025789226441990328,3.4758833073476723,0.0005091737859825862
2,min(tod_sin),-0.09819463,34.85597921012654,-0.0028171530732783345,0.997752240030582
2,min(tod_cos),0.07052984,30.99585824696754,0.0022754601703436654,0.9981844470280983
2,min(is_weekend),0.007146916,15.680686889824427,0.00045577824088745413,0.9996363415910368
2,min(rain_mm),0.063988134,0.02808067913727973,2.2787245975114523,0.022683441607758592
2,min(headway_min),0.09683465,27141.11421499353,3.5678215477366505e-06,0.9999971532902714
2,max(speed_mps),-0.034417327,0.24681812950319895,-0.139444082015795,0.8890992401932647
2,max(accel),0.3566841,0.11062742481371728,3.224192276983592,0.0012632854686482897
2,max(heading_change),-0.116588466,0.04971735036637197,-2.345025730660927,0.019025766553537382
2,max(progress_frac),0.09292236,0.04647637344266513,1.9993461800457295,0.04557091081413778
2,max(progress_rate),-0.25895584,0.18932450460418832,-1.3677882682829046,0.17137836096362524
2,max(cross_track_m),0.49685818,0.05179611433185553,9.592576315394913,0.0
2,max(dwell_frac),0.03842702,0.021501719474073654,1.787160389696806,0.07391156928474807
2,max(tod_sin),-0.07650026,34.62867689652656,-0.002209159176609569,0.9982373474343644
2,max(tod_cos),0.06044434,35.75366687286186,0.0016905773700012926,0.9986511150601638
2,max(is_weekend),0.007146916,10.285103568241558,0.0006948803032591191,0.9994455657790424
2,max(rain_mm),-0.08622912,0.09584280034458435,-0.8996932775870902,0.36828350184245395
2,max(headway_min),0.09683465,27135.969492931876,3.5684979728127278e-06,0.9999971527505622
3,mean(speed_mps),-0.6440407,0.06262611276329291,-10.283900362900866,0.0
3,mean(accel),-0.11367989,0.052420630537613866,-2.168609803982968,0.030112320224382483
3,mean(heading_change),-0.2382797,0.028570342023086375,-8.340106677291192,0.0
3,mean(progress_frac),-1.8841286,0.05263455295011815,-35.79642012619034,0.0
3,mean(progress_rate),0.17357138,0.05608984523563399,3.0945241025974477,0.0019712891697536428
3,mean(cross_track_m),0.2961587,0.06082591696477436,4.8689557997608786,1.121894958266978e-06
3,mean(dwell_frac),-0.19405977,0.04242335061050142,-4.574362267169843,4.7767271702525704e-06
3,mean(tod_sin),-0.06506938,12.827909286907518,-0.005072484998685185,0.9959527598906373
3,mean(tod_cos),0.09485075,11.441213179739433,0.008290270208875673,0.9933853971642512
3,mean(is_weekend),-0.05008311,76.27782390395552,-0.0006565880577477944,0.999476118563557
3,mean(rain_mm),0.037250355,0.046568341961092725,0.7999072614003995,0.4237645303377857
3,mean(headway_min),0.12990107,47954.05985894302,2.7088648344804745e-06,0.9999978386385713
3,std(speed_mps),0.06935827,0.20453771992952605,0.33909768288189845,0.7345361439328029
3,std(accel),0.36821336,0.17638681659679442,2.087533312554386,0.036839953038426465
3,std(heading_change),0.162967,0.06644234532681804,2.4527580360046763,0.01417656620217378
3,std(progress_frac),0.02304688,0.04833125820237841,0.47685245439534574,0.6334671905719005
3,std(progress_rate),-0.24707596,0.1974663311055985,-1.2512308232838152,0.21085027565046266
3,std(cross_track_m),-0.506432,0.08670238844987774,-5.841038590478084,5.187638540959938e-09
3,std(dwell_frac),-0.016088502,0.043028280182029775,-0.37390531096102103,0.7084747650093475
3,std(tod_sin),0.15649004,3.856565430408673,0.04057756717201314,0.9676326682276093
3,std(tod_cos),-0.09348943,4.7038639676902925,-0.019875028590737347,0.984143065507959
3,std(is_weekend),0.31111112,0.13298610378548145,2.3394258009965947,0.01931340751953159
3,std(rain_mm),0.09574385,0.09570534208357206,1.0004023577904053,0.3171158294238665
3,std(headway_min),-0.010846075,0.028454836459801163,-0.38116805506423207,0.7030785514097266
3,min(speed_mps),-0.08362407,0.040226282679346546,-2.0788416627880113,0.03763190612183798
3,min(accel),0.39808956,0.14348411150028914,2.7744504511589874,0.00552950564780752
3,min(heading_change),-0.022628749,0.01802610063149709,-1.2553324344528702,0.20935810556832068
3,min(progress_frac),0.5889678,0.04796364574274566,12.27946272681868,0.0
3,min(progress_rate),0.023689874,0.04096786764733738,0.57825498072022,0.563091983917402
3,min(cross_track_m),0.026353803,0.018972265292416912,1.3890698936458086,0.16481149755217883
3,min(dwell_frac),0.13365953,0.02870824750069097,4.655788435101267,3.2274322117054055e-06
3,min(tod_sin),-0.0905845,34.917690905389044,-0.0025942294371512106,0.9979301067066564
3,min(tod_cos),0.053956207,30.242026904806995,0.0017841465143126386,0.9985764577972513
3,min(is_weekend),-0.050082322,30.478338028398174,-0.0016432104061385926,0.9986889083768133
3,min(rain_mm),0.06879838,0.02890654138131798,2.3800280082762053,0.017311322210878055
3,min(headway_min),0.12990426,23992.45754556418,5.414378874038069e-06,0.9999956799506902
3,max(speed_mps),-0.13716675,0.24716316345766345,-0.5549643866521732,0.5789190200573109
3,max(accel),0.21130335,0.10811235512927782,1.954479236503178,0.05064456805740347
3,max(heading_change),-0.09990136,0.05281629973871397,-1.8914873580279699,0.05855931698139116
3,max(progress_frac),0.12427403,0.046504979854096046,2.672273608497245,0.00753391916455648
3,max(progress_rate),-0.04377002,0.193721914212924,-0.22594252768376677,0.8212461206415205
3,max(cross_track_m),0.53732806,0.05151201858347994,10.431120333032409,0.0
3,max(dwell_frac),0.037454497,0.021251239244787928,1.7624617857665164,0.07799130746026917
3,max(tod_sin),-0.07830568,34.785577343427086,-0.002251096073708596,0.9982038867148515
3,max(tod_cos),0.027659409,34.85376394362357,0.0007935845549677027,0.9993668112023608
3,max(is_weekend),-0.050082322,40.961594747815326,-0.0012226653409958994,0.9990244544444495
3,max(rain_mm),-0.23500955,0.10832249873200556,-2.169535911737989,0.03004202099461506
3,max(headway_min),0.12990426,23961.573277425217,5.421357511334363e-06,0.9999956743825431
4,mean(speed_mps),-0.6514478,0.06054732984073604,-10.759314650097823,0.0
4,mean(accel),0.012868886,0.0584936118239513,0.2200049797049702,0.8258672764740287
4,mean(heading_change),-0.18944167,0.0279911305857094,-6.767917624011926,1.3064882509183917e-11
4,mean(progress_frac),-1.7424247,0.05204237848169374,-33.480881875894966,0.0
4,mean(progress_rate),0.024572829,0.05303499363295402,0.4633323604156395,0.6431261536448267
4,mean(cross_track_m),0.28929275,0.05987817591952492,4.831355469671806,1.3560664187117766e-06
4,mean(dwell_frac),-0.24011484,0.041939271877404254,-5.725298202286395,1.0325221344587021e-08
4,mean(tod_sin),-0.08707534,12.670981076342168,-0.00687202808077571,0.9945169580488784
4,mean(tod_cos),0.08073624,11.508890811721379,0.007015119315623362,0.9944027905141297
4,mean(is_weekend),0.004550625,158890.3526253476,2.864003401885071e-08,0.999999977148559
4,mean(rain_mm),-0.016779382,0.043021827986293455,-0.3900201959610436,0.6965216129750393
4,mean(headway_min),0.11699147,56658.06594497628,2.0648687141479747e-06,0.9999983524731328
4,std(speed_mps),0.20879844,0.19476284851934958,1.0720650262510365,0.2836908261783815
4,std(accel),0.13167427,0.17082732883316634,0.7708033351666108,0.4408235100954294
4,std(heading_change),0.03981643,0.06532616661231831,0.6095020382487174,0.5421917221411141
4,std(progress_frac),0.0609118,0.047438022844445184,1.284029077520451,0.19913178150269806
4,std(progress_rate),-0.20562689,0.19142996974009985,-1.0741624748855199,0.2827498676531315
4,std(cross_track_m),-0.53565806,0.08574828134506991,-6.246866445623072,4.187687974166465e-10
4,std(dwell_frac),-0.003176427,0.04180896646641874,-0.07597477883591773,0.9394391637630908
4,std(tod_sin),0.17184028,3.839336038303659,0.04475781191852715,0.9643003525821985
4,std(tod_cos),-0.002217637,4.74691155298291,-0.00046717468496802126,0.9996272485452251
4,std(is_weekend),-0.2100542,0.03900891014666079,-5.384774993153537,7.253532907647298e-08
4,std(rain_mm),0.0069242367,0.08764597422233757,0.07900233547972658,0.9370307654275163
4,std(headway_min),-0.008654367,0.01759546575017701,-0.4918521226749255,0.6228238862901623
4,min(speed_mps),-0.06108613,0.0379819784123664,-1.6082924573846071,0.10777114181649972
4,min(accel),0.5258831,0.14026889145353066,3.7491069696615718,0.00017746538326446348
4,min(heading_change),-0.0037265897,0.01849544053342445,-0.2014869405002577,0.8403178400135443
4,min(progress_frac),0.561419,0.045778578988371364,12.263792860520304,0.0
4,min(progress_rate),0.009399309,0.03794741800756664,0.24769297402987642,0.804371968421933
4,min(cross_track_m),0.01588979,0.018945918401150588,0.8386919848741344,0.4016421772478733
4,min(dwell_frac),0.15740356,0.027576306614787237,5.707927486136089,1.1436011915222366e-08
4,min(tod_sin),-0.10549105,34.46121160920724,-0.0030611532404606987,0.9975575569057356
4,min(tod_cos),0.05709045,31.056751079319177,0.0018382621521626501,0.9985332798361399
4,min(is_weekend),0.0045473315,78869.34631502516,5.765651288662594e-08,0.9999999539967586
4,min(rain_mm),0.048327576,0.02725841119305924,1.7729417913158758,0.07623835274552948
4,min(headway_min),0.11698993,28331.417914439575,4.129335612768097e-06,0.9999967052668681
4,max(speed_mps),0.18636008,0.24117359885279213,0.7727217114821202,0.43968709455232613
4,max(accel),0.14687252,0.11266647165992613,1.3036045088027535,0.19236846257889795
4,max(heading_change),-0.018615264,0.05201751575126539,-0.3578653108802192,0.7204441117042346
4,max(progress_frac),0.13970241,0.045124379211766014,3.0959408627037073,0.0019618948499295907
4,max(progress_rate),-0.07069047,0.18903620755761533,-0.3739520003443604,0.7084400277061769
4,max(cross_track_m),0.54531354,0.0510843718666391,10.674762499662618,0.0
4,max(dwell_frac),0.048536807,0.020832676713196663,2.3298401816946623,0.019814599563453106
4,max(tod_sin),-0.0845072,34.54974657917669,-0.0024459570766455422,0.9980484105581224
4,max(tod_cos),0.043052822,35.863961894876624,0.0012004480285153893,0.9990421812820496
4,max(is_weekend),0.0045473315,80017.42605722557,5.682926465192626e-08,0.999999954656807
4,max(rain_mm),-0.10016901,0.09590343239379494,-1.0444778456840487,0.2962643639222935
4,max(headway_min),0.11698993,28322.91588341539,4.13057516520802e-06,0.9999967042778484
5,mean(speed_mps),-0.6496533,0.06166603326383316,-10.535026839891566,0.0
5,mean(accel),-0.06423533,0.05184474560093919,-1.238994017299741,0.21534771366781724
5,mean(heading_change),-0.20002112,0.028672877924572054,-6.975969362120781,3.0377922399793533e-12
5,mean(progress_frac),-1.8385267,0.05299010285438589,-34.69566252440047,0.0
5,mean(progress_rate),-0.00024635022,0.050202692031594415,-0.0049071116894900445,0.9960847070580363
5,mean(cross_track_m),0.259533,0.06082552405724335,4.266843436107402,1.9825819130625533e-05
5,mean(dwell_frac),-0.22697197,0.04137340105192311,-5.485939353247724,4.112779916631837e-08
5,mean(tod_sin),-0.09272875,12.785917356694888,-0.007252412660795555,0.9942134626356474
5,mean(tod_cos),0.083491385,11.569178860698543,0.007216707943438396,0.9942419501328617
5,mean(is_weekend),0.14854753,187816.89111715165,7.909167769239571e-07,0.9999993689397149
5,mean(rain_mm),-0.03995183,0.04898237508441223,-0.8156368700684989,0.4147078553961825
5,mean(headway_min),0.115210995,49617.51656388709,2.3219822969120627e-06,0.9999981473261748
5,std(speed_mps),0.27200374,0.1943761411406613,1.3993679392750855,0.16170267592330712
5,std(accel),-0.19412367,0.17209058496236562,-1.1280319054133403,0.25930644497304334
5,std(heading_change),0.15402736,0.06534247649424327,2.357231711458883,0.018411754252081858
5,std(progress_frac),0.046934932,0.047503337349201806,0.9880344221985552,0.3231357902651575
5,std(progress_rate),0.18671347,0.18735788150637273,0.9965605423562304,0.31897786645524273
5,std(cross_track_m),-0.4738022,0.08686055399123034,-5.454745418136383,4.904305783703933e-08
5,std(dwell_frac),-0.08838136,0.04302777517026547,-2.0540536232998794,0.0399705019926615
5,std(tod_sin),0.15584925,3.9103675586245026,0.03985539615761176,0.9682084115357967
5,std(tod_cos),-0.009969904,4.775017629331195,-0.002087930320140054,0.9983340738439492
5,std(is_weekend),-0.34398115,0.05131298283043493,-6.70358899129161,2.0336177186663917e-11
5,std(rain_mm),-0.12962559,0.07105023328336484,-1.824421717779516,0.06808834115893858
5,std(headway_min),-0.0165051,0.02896118012471685,-0.5699042567303875,0.568742637605629
5,min(speed_mps),-0.05783014,0.037196330106218624,-1.5547270343466764,0.12001109319163517
5,min(accel),0.21058936,0.13701356163290934,1.5369964962683416,0.12429416737785748
5,min(heading_change),0.004332786,0.017727939136948177,0.24440437925785516,0.8069176504484565
5,min(progress_frac),0.50198984,0.044759140370399686,11.215359305541082,0.0
5,min(progress_rate),0.015221263,0.0378640240938937,0.40199803497525605,0.6876854724348922
5,min(cross_track_m),-0.004228204,0.018864658337710557,-0.22413361256804645,0.8226533386804917
5,min(dwell_frac),0.16868153,0.027960101353825807,6.032937077370989,1.6100611954783517e-09
5,min(tod_sin),-0.11390894,35.16909808363307,-0.003238892814159479,0.9974157419478158
5,min(tod_cos),0.05625464,30.957227330020956,0.0018171730827793641,0.998550106450897
5,min(is_weekend),0.1485472,94944.78485844709,1.564564105023543e-06,0.9999987516584563
5,min(rain_mm),0.040469654,0.037421314075198255,1.0814599889013548,0.27949254943394775
5,min(headway_min),0.11521521,24842.015162060965,4.637917308844687e-06,0.999996299477385
5,max(speed_mps),-0.017756246,0.2370025608771838,-0.07492005978590272,0.9402783160095949
5,max(accel),0.31229863,0.10905155867294435,2.863770399139719,0.004186313357341209
5,max(heading_change),-0.09950723,0.05200536278155765,-1.913403199550486,0.05569645511361232
5,max(progress_frac),0.18556717,0.04549057816581875,4.079244051485362,4.5182384633468686e-05
5,max(progress_rate),-0.41910207,0.18364083562872116,-2.2821834331177064,0.022478512774372073
5,max(cross_track_m),0.5322799,0.051670931978795,10.301341359112971,0.0
5,max(dwell_frac),0.030068066,0.01900508099435134,1.582106699785856,0.11362521441049345
5,max(tod_sin),-0.09649208,35.0274198915861,-0.0027547584771936834,0.9978020235222687
5,max(tod_cos),0.04377478,35.83671152003279,0.0012215066067526067,0.9990253789799219
5,max(is_weekend),0.1485472,92859.4929782646,1.5996986154498946e-06,0.9999987236251728
5,max(rain_mm),0.1766082,0.08871614464428247,1.9907109979783788,0.046512668912749966
5,max(headway_min),0.11521521,24776.332570249688,4.650212527622026e-06,0.9999962896672199
