fold,feature,drop_roc_auc
1,mean(speed_mps),0.034916582884724136
1,mean(accel),0.0011698580803559012
1,mean(heading_change),0.0007892918977545294
1,mean(progress_frac),0.25577299291831757
1,mean(progress_rate),0.0046098447265775725
1,mean(cross_track_m),0.0035680245207929894
1,mean(dwell_frac),0.002495707321258489
1,mean(tod_sin),0.005030216498406126
1,mean(tod_cos),0.0010889269238130717
1,mean(is_weekend),-4.204680202307687e-05
1,mean(rain_mm),0.0008406335454831604
1,mean(headway_min),0.02087108104005474
1,std(speed_mps),-0.0003781737223162329
1,std(accel),0.00021203523021522396
1,std(heading_change),-0.0009178797631958724
1,std(progress_frac),0.009983324276816984
1,std(progress_rate),0.002238242845168792
1,std(cross_track_m),0.0014890452818483667
1,std(dwell_frac),0.006698008813053713
1,std(tod_sin),0.0006816036853788843
1,std(tod_cos),-2.837952889975792e-05
1,std(is_weekend),0.003156191357223426
1,std(rain_mm),0.005118366285119668
1,std(headway_min),0.0012132661097826291
1,min(speed_mps),-0.0002768929035777523
1,min(accel),0.000379452451089346
1,min(heading_change),-5.499908701456224e-06
1,min(progress_frac),0.02647816921239108
1,min(progress_rate),-4.149681115289683e-05
1,min(cross_track_m),0.00030678490737052756
1,min(dwell_frac),0.00028378153922649086
1,min(tod_sin),0.004642761680156138
1,min(tod_cos),0.0025142695131261327
1,min(is_weekend),-2.744454442048516e-05
1,min(rain_mm),-0.00013683772849368837
1,min(headway_min),0.00652602666795733
1,max(speed_mps),0.0016640248771870314
1,max(accel),0.0012600428332890212
1,max(heading_change),-0.00019274430044460277
1,max(progress_frac),0.002080422964978823
1,max(progress_rate),0.0011545958337091599
1,max(cross_track_m),0.006725797101768116
1,max(dwell_frac),6.874885877250492e-07
1,max(tod_sin),0.003803764357511652
1,max(tod_cos),0.0026422523886103777
1,max(is_weekend),4.5484244961557786e-05
1,max(rain_mm),-6.470642587323994e-05
1,max(headway_min),0.0006982409092009312
2,mean(speed_mps),0.031194456647279368
2,mean(accel),0.0012979307682522867
2,mean(heading_change),0.0010230849783138707
2,mean(progress_frac),0.26370660012170116
2,mean(progress_rate),0.0020464049612931912
2,mean(cross_track_m),0.0022991133117296727
2,mean(dwell_frac),0.0019290436312796254
2,mean(tod_sin),0.0030464594823757184
2,mean(tod_cos),0.000490783743693346
2,mean(is_weekend),0.0011597010239311034
2,mean(rain_mm),0.0
2,mean(headway_min),0.014728040067355508
2,std(speed_mps),0.0001543197304277988
2,std(accel),4.0264132710665644e-05
2,std(heading_change),2.6430191394166692e-05
2,std(progress_frac),0.013787081386189181
2,std(progress_rate),0.0017637726834337953
2,std(cross_track_m),0.0023227234471362877
2,std(dwell_frac),0.0025414187889677533
2,std(tod_sin),-0.0008387003176635211
2,std(tod_cos),0.0012897369389108237
2,std(is_weekend),0.004234784074579878
2,std(rain_mm),0.0010590876930877235
2,std(headway_min),-0.00017395045349628547
2,min(speed_mps),-0.00012790520601125844
2,min(accel),0.0007854639274106123
2,min(heading_change),0.0
2,min(progress_frac),0.01577193079206608
2,min(progress_rate),-4.637425401632367e-06
2,min(cross_track_m),-0.0004859113136258753
2,min(dwell_frac),0.0001609938629315577
2,min(tod_sin),0.002614536573932835
2,min(tod_cos),0.0005025966448855002
2,min(is_weekend),0.00019828126987757598
2,min(rain_mm),0.0
2,min(headway_min),0.008072159592608564
2,max(speed_mps),0.0011692422133555147
2,max(accel),0.0012672704928769595
2,max(heading_change),-0.0007355019354983838
2,max(progress_frac),0.003597780427934205
2,max(progress_rate),0.0006982928634410746
2,max(cross_track_m),0.004853974367571135
2,max(dwell_frac),2.747987890060477e-05
2,max(tod_sin),0.0008873462834482649
2,max(tod_cos),0.00033832838361296246
2,max(is_weekend),5.662045743825006e-05
2,max(rain_mm),0.0
2,max(headway_min),0.0008747813673261384
3,mean(speed_mps),0.039371631187840525
3,mean(accel),0.0004837085169438926
3,mean(heading_change),0.000593385900248633
3,mean(progress_frac),0.26737451447545896
3,mean(progress_rate),0.004759851756549438
3,mean(cross_track_m),0.005429301131033915
3,mean(dwell_frac),0.0015136561525852076
3,mean(tod_sin),0.0017475914979336316
3,mean(tod_cos),0.001991672132201072
3,mean(is_weekend),-0.001576675683925144
3,mean(rain_mm),-0.0001545715964039185
3,mean(headway_min),0.008991345247848948
3,std(speed_mps),-0.0002494763214892615
3,std(accel),0.0005382765511466548
3,std(heading_change),0.00014882667376319158
3,std(progress_frac),0.011463600239994664
3,std(progress_rate),0.0018494285460841197
3,std(cross_track_m),0.002025932126794894
3,std(dwell_frac),0.0035901051827235244
3,std(tod_sin),0.0013465295428718438
3,std(tod_cos),-0.0012619447244148097
3,std(is_weekend),-0.00018306920658592852
3,std(rain_mm),0.0017271612259281087
3,std(headway_min),0.0003681290550597849
3,min(speed_mps),-4.9486658857722524e-05
3,min(accel),0.0004848609938262749
3,min(heading_change),0.0
3,min(progress_frac),0.027715584770262557
3,min(progress_rate),3.572678335327373e-05
3,min(cross_track_m),0.0008030668457546742
3,min(dwell_frac),0.000950514039613115
3,min(tod_sin),0.002922995685545671
3,min(tod_cos),0.0008801431027053219
3,min(is_weekend),0.0
3,min(rain_mm),0.00021586241242056438
3,min(headway_min),0.0011200329119459562
3,max(speed_mps),0.0006533845452151854
3,max(accel),0.0005658661492395134
3,max(heading_change),-0.0003691418377745004
3,max(progress_frac),0.0021498932387325033
3,max(progress_rate),0.0012397508135439717
3,max(cross_track_m),0.005814193486200691
3,max(dwell_frac),3.946360233550994e-05
3,max(tod_sin),0.004701896138783457
3,max(tod_cos),0.0024749615666422088
3,max(is_weekend),2.266537868651497e-05
3,max(rain_mm),-9.380463351575941e-05
3,max(headway_min),3.9149290458473375e-05
4,mean(speed_mps),0.029456601177937337
4,mean(accel),0.000674613623661957
4,mean(heading_change),0.0006252149520657002
4,mean(progress_frac),0.28123876875456777
4,mean(progress_rate),0.0027444945402175457
4,mean(cross_track_m),0.005584441232105264
4,mean(dwell_frac),0.0011863070160354262
4,mean(tod_sin),0.003281122372211043
4,mean(tod_cos),0.0006928173767249745
4,mean(is_weekend),0.00019215371222220946
4,mean(rain_mm),-0.00016930162073854892
4,mean(headway_min),0.008639931107862975
4,std(speed_mps),0.0003878810025364721
4,std(accel),0.0008177448304028778
4,std(heading_change),0.0002893389149219661
4,std(progress_frac),0.010011190941919967
4,std(progress_rate),0.0005462738059412997
4,std(cross_track_m),0.00125214952065692
4,std(dwell_frac),0.005916233180000852
4,std(tod_sin),5.158849576546443e-05
4,std(tod_cos),0.002160187653153378
4,std(is_weekend),0.002151844826103766
4,std(rain_mm),0.0025930339409312
4,std(headway_min),-0.0006172214221228489
4,min(speed_mps),-2.076974334723758e-05
4,min(accel),0.0011979278620867894
4,min(heading_change),0.0
4,min(progress_frac),0.019467133829156148
4,min(progress_rate),-2.7675078457134463e-06
4,min(cross_track_m),0.0011408043506298427
4,min(dwell_frac),0.00044771828382268454
4,min(tod_sin),0.004515350264391027
4,min(tod_cos),0.001761827737414534
4,min(is_weekend),0.0
4,min(rain_mm),-0.00031807531920383656
4,min(headway_min),0.0028412229697777234
4,max(speed_mps),0.0020747039035295288
4,max(accel),0.0009034569665965053
4,max(heading_change),-0.00033408924809765763
4,max(progress_frac),0.0045858679764412495
4,max(progress_rate),0.0011529760113494826
4,max(cross_track_m),0.004072172842956012
4,max(dwell_frac),-7.657667340132957e-06
4,max(tod_sin),0.003410590688276538
4,max(tod_cos),1.0089312583305698e-05
4,max(is_weekend),0.0
4,max(rain_mm),-7.633485232795278e-05
4,max(headway_min),2.5082219165140085e-05
5,mean(speed_mps),0.02388266827172859
5,mean(accel),-0.0009458940676645544
5,mean(heading_change),0.0016063958377052657
5,mean(progress_frac),0.2874218994894054
5,mean(progress_rate),0.001311398781709272
5,mean(cross_track_m),0.0025119208148794646
5,mean(dwell_frac),0.0032716426494348696
5,mean(tod_sin),0.0017497104747458692
5,mean(tod_cos),-0.000570508094628297
5,mean(is_weekend),0.002822460116240966
5,mean(rain_mm),0.0011168878720135167
5,mean(headway_min),0.012720556540447648
5,std(speed_mps),0.0014929869255955075
5,std(accel),0.00010857742759550204
5,std(heading_change),-0.0005416501615199354
5,std(progress_frac),0.008244826455113707
5,std(progress_rate),0.0003357299630916577
5,std(cross_track_m),4.828573981537909e-05
5,std(dwell_frac),0.004805435245446787
5,std(tod_sin),-0.0005482134130740835
5,std(tod_cos),0.00402269109612714
5,std(is_weekend),0.0004669658888462602
5,std(rain_mm),0.0007697777255176508
5,std(headway_min),0.0003905644017968113
5,min(speed_mps),-5.969502854791253e-05
5,min(accel),0.0007142156536024902
5,min(heading_change),-2.328426272013573e-06
5,min(progress_frac),0.027927828681380294
5,min(progress_rate),-3.402412889930151e-05
5,min(cross_track_m),-0.0005814371454424316
5,min(dwell_frac),-0.00028543595561660864
5,min(tod_sin),0.003109729707546838
5,min(tod_cos),-0.0012038982512644792
5,min(is_weekend),0.0
5,min(rain_mm),-8.20770260867576e-06
5,min(headway_min),0.0040712533365622194
5,max(speed_mps),0.0016321977113317287
5,max(accel),-0.0004004747661167429
5,max(heading_change),4.987198021316752e-05
5,max(progress_frac),0.0026367390157219115
5,max(progress_rate),0.0009466508062031198
5,max(cross_track_m),0.0019026153174941719
5,max(dwell_frac),8.731598520039795e-06
5,max(tod_sin),0.0014687858450310952
5,max(tod_cos),-3.229236185946505e-05
5,max(is_weekend),0.0
5,max(rain_mm),-1.935504338577143e-05
5,max(headway_min),-6.246003474579265e-05
