lead,follow,r_same_hour,r_lag1
15,31,0.1160617393600653,-0.15112769353981234
15,34A,0.17048131364283667,0.3970888831382156
15,35,0.04173711509088502,0.09587151702968086
15,36,-0.1562425390329761,0.05313608266892559
15,39A,-0.18199673606655445,-0.20397146804317942
15,41BC,0.07878281120027897,-0.13450540691860763
15,41JB,0.20189568944931244,-0.04167518289869365
15,42S,-0.2984611767385917,-0.08949352204945632
15,44,0.10774991281044306,-0.15739088417675348
15,45,-0.07781373999391976,-0.06524899442555361
15,49.2,0.14139954388160086,0.14411337667517757
15,53,0.07572611715659952,0.030868771674366163
15,57,0.036615328187861174,-0.0742758310808028
15,61,0.04832309607853865,-0.14599077697306326
15,62,0.049634547423510804,0.011867785131789975
15,67,-0.14271740244195616,-0.259424335342622
15,OC1,0.006593395223769867,-0.15622356599613826
15,OC2,-0.16530160382737683,0.16332367288524083
15,OC3,0.015882174439372874,0.023619137950227617
31,15,0.11606173936006531,-0.03059006126803154
31,34A,0.25725762914964123,0.10936976361040118
31,35,0.05990394553422563,0.13470729220527336
31,36,0.3319297856616931,0.25356579257883477
31,39A,0.03184867159768398,0.04301134708014208
31,41BC,-0.00840698332869101,-0.04825869252901111
31,41JB,0.2811487242630186,0.011136743366639832
31,42S,0.3087786938417063,-0.2896070990052218
31,44,0.3349282729845681,0.08542483033741166
31,45,0.2704696970979528,0.10912186808056108
31,48,0.43481760766544514,0.4283275879647833
31,49.2,0.08570742725374032,-0.2380532019378705
31,53,0.10611653205312369,0.08292115554886305
31,57,0.08845023966124349,0.352590271999373
31,61,0.13872929295794748,0.0577735088069361
31,62,0.1907727012269673,-0.23984482373577667
31,67,0.1361546346816794,0.009828261097662895
31,OC1,0.2850907768517992,0.09221209161155197
31,OC2,0.44538332219012,0.4497092622833488
31,OC3,0.1736999370987081,0.004845989354107784
33,34A,0.04791129113126584,0.16936413819685361
33,36,-0.187290595740952,0.22337760591694172
33,39A,0.018931006761640674,0.11818474549465662
33,41BC,-0.10640380127251366,-0.14527617328542458
33,41JB,-0.22802258771351044,-0.16543495891423307
33,44,0.004361186700643723,0.13016600362444733
33,45,-0.15715082006128292,-0.09930309413085127
33,48,-0.11811069236986199,-0.09653103771407602
33,49.2,0.1553561010328312,0.20262744976114427
33,53,0.0625471589655066,0.4662299671982977
33,61,0.07224141946987284,-0.19817794134913824
33,62,0.21103646918033683,0.1913465417815388
33,67,0.3902978449005935,0.519602669644739
33,OC3,-0.017686345349008512,0.3591177441997036
34A,15,0.17048131364283667,-0.0628229580415929
34A,31,0.25725762914964123,-0.10118406455928543
34A,33,0.04791129113126585,-0.08427889656730084
34A,36,0.20816935269511683,0.3726687121861183
34A,39A,0.24851261879842818,0.12230413126354965
34A,41BC,0.04103524428563124,-0.04687537547796717
34A,41JB,-0.08401257511318647,0.5314430979925718
34A,44,0.2848540144254877,0.21084095103589012
34A,45,0.34128475962076843,0.012542531259529604
34A,49.2,0.4698543860011051,0.08426134614614197
34A,53,0.2551588363609758,0.3220387056553544
34A,57,0.37396632976353356,0.21463869070297903
34A,61,0.37860525354460034,-0.0630742755116967
34A,62,0.4548347177740768,0.27785729506407325
34A,67,0.10278639949520119,-0.10173766871644184
34A,OC1,0.1263188090170911,0.13456698783473742
34A,OC2,0.2381231833431145,0.12951476181715083
34A,OC3,0.04182267357610757,0.044703788745076266
35,15,0.04173711509088502,0.05826579718237634
35,31,0.05990394553422563,-0.11484263215891695
35,36,-0.2624693684196163,0.28341510535385955
35,39A,0.24570379336017378,0.5608742129892735
35,41BC,0.3157919705035171,0.12074043999384834
35,41JB,-0.18659698037470215,0.15572538879814182
35,44,0.41027851909572166,0.4154026723042727
35,45,0.1991215073469562,0.12162465871160046
35,46,0.518606489589417,0.28094189590033153
35,48,0.5780928215127765,0.19504256107175671
35,49.2,0.11606472232820352,-0.0028233179804931846
35,53,0.4924242482981333,0.21949954655998644
35,57,0.33849567544498377,-0.07128274835800891
35,61,0.2965121659038544,0.33780235413527016
35,62,0.13549248019172494,0.09103765719719081
35,67,0.2118700841221231,0.13028674686435568
35,OC1,0.16674184637498987,0.22253265139654607
35,OC2,0.41492691891586037,0.1476007221052477
35,OC3,0.33490783235730404,0.5235845842571468
36,15,-0.15624253903297614,-0.07902418168486143
36,31,0.33192978566169307,0.04588213733643864
36,33,-0.18729059574095197,-0.30625058299805974
36,34A,0.20816935269511685,0.02874707017132694
36,35,-0.2624693684196163,0.05738769377062128
36,39A,0.4612920808230629,0.2714061139861258
36,41BC,0.20910791292305347,-0.1397926612494402
36,41JB,0.2111471778466164,0.17368145107360697
36,44,0.17637049697968796,0.07046692845174948
36,45,0.06372187907538712,0.10871115330386037
36,46,0.4871138763149181,0.38570341915962564
36,48,0.09578229164566555,0.0401302296997558
36,49.2,0.22250045471724486,0.1816994393366112
36,53,0.1981974444231389,0.12606515240362148
36,57,-0.07941922291451006,0.013014288327730683
36,61,0.007116507741267087,-0.1813488738177842
36,62,0.3459757464754659,0.14932011978072457
36,67,0.028181653448923778,0.03139698426069233
36,OC1,0.013155814333611897,0.15129400804471516
36,OC2,0.24778945192442725,0.2888184528227073
36,OC3,0.21920501885361834,0.2689150290409207
39A,15,-0.18199673606655445,-0.23150121386329772
39A,31,0.03184867159768398,0.099653901505732
39A,33,0.018931006761640674,-0.040374630921254456
39A,34A,0.24851261879842818,0.23341326533686033
39A,35,0.24570379336017376,0.4180648485176898
39A,36,0.46129208082306294,0.2987163802085665
39A,41BC,0.15618690119093895,0.2272417351910854
39A,41JB,0.07161462234719092,-0.015198267923575669
39A,42S,0.3698350037040962,0.004377991796076294
39A,44,0.43378432053300886,0.25877859248001034
39A,45,0.3481329725150652,0.24099030860690632
39A,46,0.41104699644430714,0.6690724952923572
39A,48,0.3272440589055696,0.2838106268030914
39A,49.2,0.14098097362400575,0.12503135095392662
39A,53,0.06605666933732068,0.07022346221689295
39A,57,-0.11832499688770899,-0.0575288459124622
39A,61,0.11837853363104488,0.1500217326062396
39A,62,0.25719896941496745,0.11941103948475386
39A,67,0.14398928762936009,-0.07505666933339868
39A,OC1,0.26566882873323233,0.09018434868514881
39A,OC2,0.2226032395150615,0.17653448452693668
39A,OC3,0.39380795084909587,0.3197180152336402
41BC,15,0.07878281120027898,0.04635552990533006
41BC,31,-0.008406983328691012,0.1107510482928527
41BC,33,-0.10640380127251366,0.016907463853543206
41BC,34A,0.04103524428563123,0.21084610959866032
41BC,35,0.3157919705035171,0.04319777207084933
41BC,36,0.20910791292305345,0.10456882771153245
41BC,39A,0.15618690119093895,0.07080240044023929
41BC,41JB,0.3055483972996237,0.3361864728739356
41BC,42S,-0.12043779191427277,-0.016861355888240327
41BC,44,-0.08485193062380741,-0.16498832291503093
41BC,45,0.09211974620472628,0.33335494214595635
41BC,48,0.11757279294572973,0.09446141346358944
41BC,49.2,0.1463338733938101,0.1417819195084615
41BC,53,0.03974768789998111,0.05028372980934426
41BC,57,-0.05120128278834808,-0.025504688356896236
41BC,61,0.13258257312869126,0.07866519870052312
41BC,62,-0.0005589682264615556,0.049747843013666346
41BC,67,0.050899815987392565,0.0702438875656822
41BC,OC1,-0.21547100062552618,0.2673824770496392
41BC,OC2,0.14979941781746006,-0.17623725291901746
41BC,OC3,0.1290508188043949,0.3024673615271526
41JB,15,0.20189568944931247,-0.08185069001964886
41JB,31,0.28114872426301857,0.02450091076732185
41JB,34A,-0.08401257511318648,0.21507582439827566
41JB,35,-0.18659698037470215,0.11570658148710705
41JB,36,0.2111471778466164,0.07512754572705939
41JB,39A,0.07161462234719093,0.04595417769658234
41JB,41BC,0.3055483972996237,0.03045488010370648
41JB,42S,0.032485152891669526,0.032946152336013584
41JB,44,0.11871741482964496,-0.17403070283528854
41JB,45,0.09369623584970904,0.10428489439974246
41JB,48,-0.03417094511997906,0.054262027654840714
41JB,49.2,0.1152810075442772,-0.04698404869052178
41JB,53,0.20981511293875776,0.05164643608901249
41JB,57,0.012937538558407551,0.02952312269410441
41JB,61,0.0058308043267864505,-0.053890426471868966
41JB,62,0.010172345459982456,-0.15471500406600178
41JB,67,0.008376400807394093,-0.03457948636377334
41JB,OC1,0.12537130210086941,0.1107726099655513
41JB,OC2,0.2945850346904088,-0.025586433407116232
41JB,OC3,0.18356172640127713,0.22034879872048974
42S,15,-0.29846117673859174,0.21293317252767774
42S,31,0.30877869384170625,0.1389763942041126
42S,39A,0.3698350037040962,0.2925934762080217
42S,41BC,-0.12043779191427276,-0.13191817245924148
42S,41JB,0.032485152891669526,-0.1893752184942549
42S,44,0.10413152583311157,0.2560183363549602
42S,45,-0.17781220314839244,-0.19498355159177425
42S,49.2,-0.10194313511557533,-0.050236913540134605
42S,53,-0.045714292325222936,-0.012797934527198216
42S,57,0.1954668711727664,0.23444344277655566
42S,61,-0.009416760030618983,-0.16397475445099544
42S,62,0.018262913708707848,-0.07652798619287536
42S,67,0.04981599001689771,-0.1110672959194403
42S,OC1,0.19997588899601576,-0.10468742517828043
42S,OC2,0.2184578499608186,0.17943523157454272
42S,OC3,0.4486277492592568,-0.344053655251985
44,15,0.10774991281044308,-0.06466917574018297
44,31,0.3349282729845682,-0.09710031641607744
44,33,0.004361186700643722,-0.22441408214015626
44,34A,0.2848540144254877,0.15489984160801884
44,35,0.41027851909572166,0.4238638708348843
44,36,0.17637049697968796,0.07134853022258905
44,39A,0.43378432053300886,0.17483915360219546
44,41BC,-0.0848519306238074,0.09819430204196673
44,41JB,0.11871741482964496,0.029701433959176633
44,42S,0.10413152583311155,0.010601620350493229
44,45,0.19302459904162975,0.10826288355683403
44,46,0.4488561017979744,0.5874836654761486
44,48,0.11260446429756378,0.36806317130157934
44,49.2,0.2085095657448956,0.16938901779127452
44,53,0.2751947882191945,0.03796364088524507
44,57,0.2584226239815688,0.306909832278895
44,61,0.14226155036085913,0.02260120142788188
44,62,0.3973237898975418,0.12126779731772865
44,67,0.11279041420403475,-0.02948313012712475
44,OC1,0.17289736736661027,0.06636463831692004
44,OC2,0.2521545184438953,0.3550040313833678
44,OC3,0.07079677060264135,0.2964356843746532
45,15,-0.07781373999391974,-0.22457060540612717
45,31,0.2704696970979528,0.18966857785664779
45,33,-0.15715082006128295,-0.15177025519195447
45,34A,0.34128475962076843,0.3239664485652087
45,35,0.1991215073469562,-0.0692538834685757
45,36,0.06372187907538712,0.14983556453794708
45,39A,0.3481329725150652,0.25810272831127473
45,41BC,0.09211974620472628,0.16666035640736052
45,41JB,0.09369623584970904,0.09754246175754328
45,42S,-0.17781220314839244,0.15295275731556068
45,44,0.19302459904162977,-0.06906335477399875
45,46,0.3947389768645174,0.32046550398829493
45,48,0.49188477882471515,0.5674010962194477
45,49.2,0.17922010571286806,0.11328878001661145
45,53,-0.07833798773430933,0.0490005319480935
45,57,0.23224884642022472,-0.04907227865892517
45,61,0.10649994382833139,0.12674181874662044
45,62,0.1882565356206742,0.1955044784886854
45,67,-0.052113686987296196,0.021954374234055017
45,OC1,0.06975061210096799,0.007365601652904904
45,OC2,0.24250076523092734,0.26891575364941195
45,OC3,0.21574409380877776,0.09008845212477745
46,35,0.5186064895894169,0.45922495721276707
46,36,0.4871138763149181,0.34161506582860507
46,39A,0.41104699644430714,0.5900051722644387
46,44,0.44885610179797447,0.4263688254846381
46,45,0.3947389768645174,0.24849816609456302
46,48,0.5793653893371604,0.47600540492562715
46,49.2,0.6113858230680312,0.6261706106005135
46,53,0.6266899028282942,0.6437833416137508
46,61,-0.21989966551871792,0.10709285763051803
46,62,0.6971673369814099,0.5204434169630845
46,67,-0.09131136164291048,0.23031771283425884
46,OC3,0.6956347739659042,0.8401640560033214
48,31,0.4348176076654452,0.05479742209049729
48,33,-0.11811069236986199,0.3732591317754617
48,35,0.5780928215127765,0.37915633904301804
48,36,0.09578229164566555,-0.05691886152961561
48,39A,0.3272440589055696,0.2503045939757738
48,41BC,0.1175727929457297,0.022785552665395482
48,41JB,-0.03417094511997906,0.18704879989565526
48,44,0.11260446429756378,0.4615993935497839
48,45,0.4918847788247152,0.11217510251938101
48,46,0.5793653893371604,0.36193414208887315
48,49.2,0.28102725347272633,0.07173684889757675
48,53,0.5036291562327929,0.5111742839064759
48,61,0.2738563681562175,0.5464618204677324
48,62,0.28940909947028565,0.33805992856455647
48,67,-0.09958077443836665,0.26033182057446197
48,OC1,0.06971047740091829,0.33481181265287374
48,OC2,0.29761270147492563,0.4506033009428157
48,OC3,0.795317242044778,0.5833804602721709
49.2,15,0.14139954388160086,0.1129898189060049
49.2,31,0.08570742725374032,-0.12711593254349135
49.2,33,0.1553561010328312,0.21879328785965133
49.2,34A,0.469854386001105,0.4120111399993471
49.2,35,0.11606472232820353,0.10045811305863693
49.2,36,0.22250045471724483,0.13597347568917462
49.2,39A,0.14098097362400577,0.09565980471279342
49.2,41BC,0.1463338733938101,0.026967262902192375
49.2,41JB,0.11528100754427718,0.15387481688580745
49.2,42S,-0.10194313511557535,0.06494879471927448
49.2,44,0.2085095657448956,0.07378915423734016
49.2,45,0.1792201057128681,0.05125374446600021
49.2,46,0.6113858230680312,0.41375437055736136
49.2,48,0.28102725347272633,0.19207775044219408
49.2,53,0.34786037532024905,0.271838348915665
49.2,57,0.01730746416425072,0.32541698445091255
49.2,61,0.14870235769816376,0.01174219874753672
49.2,62,0.406421790218615,-0.019149610372335243
49.2,67,0.203283672770415,0.07404104099362008
49.2,OC1,0.14594974700892158,-0.0214432236006273
49.2,OC2,0.04669803233997274,0.00990783879002824
49.2,OC3,0.19634878825964072,0.22872532763399953
53,15,0.07572611715659953,-0.025516497471435386
53,31,0.1061165320531237,-0.14102020174885158
53,33,0.0625471589655066,0.14673679080012908
53,34A,0.2551588363609758,0.024484669751639737
53,35,0.49242424829813325,0.4064744086375655
53,36,0.19819744442313889,0.3105089500056449
53,39A,0.06605666933732067,0.2528583359752037
53,41BC,0.03974768789998111,0.14753649972942293
53,41JB,0.2098151129387578,0.16966514610908642
53,42S,-0.045714292325222936,0.3739387729487867
53,44,0.2751947882191946,0.29644943659557216
53,45,-0.07833798773430933,0.03467930273238212
53,46,0.6266899028282942,0.5184293774265708
53,48,0.5036291562327928,0.349944814297859
53,49.2,0.34786037532024905,0.21994877425884068
53,57,0.24025007074914392,0.21151602620643958
53,61,0.15374545784833496,0.15156065526128862
53,62,0.28913090096053695,0.2958952044155904
53,67,0.2170774086982659,0.039802900626998726
53,OC1,0.0663384424791006,-0.08470820450079826
53,OC2,0.12905544240417702,-0.0298259425263422
53,OC3,0.3168850601568522,0.2779569447396498
57,31,0.08845023966124349,0.022822923607346148
57,34A,0.37396632976353356,0.45706738753595505
57,35,0.33849567544498377,0.19203112982340034
57,36,-0.07941922291451005,0.2744271901383462
57,39A,-0.11832499688770899,-0.08636034929601767
57,41BC,-0.051201282788348075,0.22656791948987268
57,41JB,0.012937538558407551,0.006043003956030128
57,44,0.2584226239815688,0.1979141775948658
57,45,0.23224884642022475,-0.054496428632773014
57,49.2,0.01730746416425072,0.045806348633186736
57,53,0.2402500707491439,0.25336390008634024
57,61,0.03193312947744097,-0.1156881052975557
57,62,-0.136554459067645,0.13319631332195592
57,67,0.0006741180290578723,-0.047741417093622014
57,OC1,-0.023829739131466063,-0.1847322435120045
57,OC2,0.13899670145913187,-0.17547517979470767
57,OC3,-0.2651715585928355,-0.17569592657614178
61,15,0.048323096078538644,-0.02302131737812239
61,31,0.1387292929579475,0.1964159242569388
61,33,0.07224141946987285,-0.09710493164134437
61,34A,0.37860525354460034,0.36296328082602525
61,35,0.2965121659038544,0.2699485109892167
61,36,0.007116507741267086,0.055130960565811474
61,39A,0.11837853363104486,0.08805597384811824
61,41BC,0.13258257312869126,0.0031690935445176597
61,41JB,0.0058308043267864505,0.18648067034293903
61,42S,-0.009416760030618981,-0.12730887620967643
61,44,0.14226155036085913,0.33594547097252603
61,45,0.10649994382833139,0.15314601536282804
61,48,0.2738563681562175,-0.05077960476612705
61,49.2,0.14870235769816376,0.08645321982063454
61,53,0.15374545784833496,0.09433351908727593
61,57,0.03193312947744097,0.011773991194614362
61,62,0.21187100919058402,0.02113553277493756
61,67,0.011361518461387887,0.029337284719775328
61,OC1,0.0978241942369002,0.15245166123463474
61,OC2,0.038425903547266604,0.13902019474469643
61,OC3,0.150086646890437,-0.049282840457551026
62,15,0.04963454742351081,-0.04263976005887298
62,31,0.1907727012269673,0.1364033177868552
62,33,0.21103646918033683,-0.16416942144356664
62,34A,0.45483471777407675,0.41870122039978436
62,35,0.1354924801917249,0.04732599378439945
62,36,0.3459757464754659,0.3622238170497754
62,39A,0.25719896941496745,0.1577943938348099
62,41BC,-0.0005589682264615556,0.025483426346200225
62,41JB,0.010172345459982456,0.24019359012113484
62,42S,0.018262913708707848,0.017507372592729036
62,44,0.39732378989754175,0.2837324961806353
62,45,0.18825653562067424,0.1159368585393033
62,46,0.6971673369814098,0.5175411729110726
62,48,0.28940909947028565,0.30349440605136235
62,49.2,0.4064217902186151,0.4507099813066294
62,53,0.28913090096053695,0.2719364252235055
62,57,-0.136554459067645,0.3442645369022445
62,61,0.21187100919058402,0.1680702452121015
62,67,0.16132196745258368,0.06776149863077291
62,OC1,0.21179228738540437,0.29946981255934146
62,OC2,0.33388590872348833,0.2910353958446878
62,OC3,0.2558657492349165,0.24816530556802
67,15,-0.14271740244195613,-0.14361153556880082
67,31,0.13615463468167938,-0.039649208147030164
67,33,0.3902978449005935,0.35265655259245404
67,34A,0.10278639949520119,0.043656693324518256
67,35,0.2118700841221231,0.05537814784942006
67,36,0.028181653448923778,0.14142867603703363
67,39A,0.1439892876293601,0.3668214297862454
67,41BC,0.050899815987392565,-0.08510257249288569
67,41JB,0.008376400807394093,0.06361514661222807
67,42S,0.04981599001689771,0.24223072525812242
67,44,0.11279041420403474,0.19338012925917974
67,45,-0.052113686987296196,-0.013374565209900855
67,46,-0.0913113616429105,0.10316721622571279
67,48,-0.09958077443836665,0.047124511370697196
67,49.2,0.203283672770415,0.12439269391356039
67,53,0.2170774086982659,-0.03408089764110696
67,57,0.0006741180290578723,-0.07408099513161936
67,61,0.011361518461387889,-0.06659573292685454
67,62,0.1613219674525837,0.0325752282533428
67,OC1,0.25588318733255205,0.09612843697946118
67,OC2,0.18839248645093915,0.2884891233620331
67,OC3,0.31793294976739794,0.19499343664222019
OC1,15,0.006593395223769867,-0.0868434954675113
OC1,31,0.2850907768517992,0.217922703365413
OC1,34A,0.1263188090170911,0.08004528529514017
OC1,35,0.1667418463749899,0.2541054039620208
OC1,36,0.013155814333611897,0.15779629126032813
OC1,39A,0.26566882873323233,0.24938272566831823
OC1,41BC,-0.2154710006255262,0.12639576426198865
OC1,41JB,0.12537130210086944,0.038826332571795026
OC1,42S,0.19997588899601576,0.1889870142500529
OC1,44,0.17289736736661027,0.19520114008959624
OC1,45,0.06975061210096799,0.08179660317445922
OC1,48,0.06971047740091829,0.27313938085883915
OC1,49.2,0.14594974700892158,0.004826071109471686
OC1,53,0.0663384424791006,0.001239094971925986
OC1,57,-0.023829739131466063,0.2850253965938304
OC1,61,0.0978241942369002,-0.01053988347803145
OC1,62,0.21179228738540437,0.0098743654274299
OC1,67,0.25588318733255205,0.16328195034852203
OC1,OC2,0.10255256956046913,0.01797899885096461
OC1,OC3,0.22378042473139267,0.06735858156523725
OC2,15,-0.16530160382737683,-0.2670074980830508
OC2,31,0.44538332219012,-0.07453140796606926
OC2,34A,0.2381231833431145,0.19329197387927455
OC2,35,0.41492691891586037,0.2861127739980995
OC2,36,0.24778945192442728,0.2376222135694329
OC2,39A,0.2226032395150615,0.4741963553253556
OC2,41BC,0.1497994178174601,0.21690722135254986
OC2,41JB,0.2945850346904088,0.3574054442289889
OC2,42S,0.2184578499608186,-0.07160927076022866
OC2,44,0.2521545184438953,0.047104129559185956
OC2,45,0.24250076523092737,0.15233419913364943
OC2,48,0.2976127014749256,0.07215793322789917
OC2,49.2,0.046698032339972745,-0.21130395297431592
OC2,53,0.12905544240417705,-0.06847278843292573
OC2,57,0.13899670145913184,0.2541416590718491
OC2,61,0.03842590354726661,-0.04095755114656689
OC2,62,0.3338859087234884,-0.10100544849054072
OC2,67,0.18839248645093917,0.3152502701154404
OC2,OC1,0.10255256956046913,0.11041269477266091
OC2,OC3,0.3150813972036831,0.3404961705483047
OC3,15,0.015882174439372874,0.09691902225411203
OC3,31,0.1736999370987081,0.16728863883736156
OC3,34A,0.041822673576107576,0.10892998910752873
OC3,35,0.3349078323573041,0.37675630607936156
OC3,36,0.21920501885361837,0.20354560336101918
OC3,39A,0.39380795084909587,0.4803304967566153
OC3,41BC,0.12905081880439492,0.07923328393243595
OC3,41JB,0.18356172640127713,0.2406494723166699
OC3,42S,0.4486277492592568,0.16583730705220712
OC3,44,0.07079677060264135,0.21749046172950304
OC3,45,0.21574409380877776,0.06137019645351692
OC3,46,0.6956347739659042,0.45178834136558116
OC3,48,0.795317242044778,0.42682925667795996
OC3,49.2,0.19634878825964072,-0.008369829884548926
OC3,53,0.31688506015685214,0.23640693050220035
OC3,57,-0.2651715585928355,0.03079062379480407
OC3,61,0.150086646890437,0.31738247162375594
OC3,62,0.2558657492349165,-0.06020401148084775
OC3,67,0.3179329497673979,0.1800566885804587
OC3,OC1,0.2237804247313927,0.27751126945616894
OC3,OC2,0.31508139720368306,0.3336778789250554
