a,b,jaccard,n_cells,r,p
15|0,21|0,0.03225806451612903,56,0.09479345362167348,0.4870946806979507
15|0,22|0,0.027777777777777776,50,-0.20707923874381257,0.14904047013102212
15|0,26|0,0.03225806451612903,35,-0.003440620373175135,0.9843498818919416
15|0,28|0,0.0,38,0.16793676272286773,0.31353589595003745
15|0,31|0,0.0,77,0.09602154666138997,0.40612846097038346
15|0,32|0,0.0,30,-0.01964197844630151,0.9179456073480334
15|0,34A|0,0.0,49,0.29206230782403014,0.0417209107457967
15|0,34B|0,0.0,60,-0.0930831954588543,0.4793241340446131
15|0,35|0,0.0,43,0.12356293564997983,0.429870918658584
15|0,36|0,0.0,52,0.17606569486383955,0.21183158145498887
15|0,39A|0,0.0,79,0.10204206628996494,0.37086610754553284
15|0,40|0,0.0,51,0.4814131115945538,0.0003483545228830053
15|0,41BC|0,0.02702702702702703,115,-0.022058716964624164,0.814986786924727
15|0,41JB|0,0.030303030303030304,115,0.06165571968552848,0.5127355429398628
15|0,42S|0,0.023255813953488372,70,-0.1328026279889769,0.27309486794951326
15|0,42T|0,0.030303030303030304,61,0.0411101300614959,0.75308744701698
15|0,44|0,0.0,64,0.18411284342851292,0.14529443190627425
15|0,45|0,0.0,82,-0.022020583918249736,0.8443226057537707
15|0,45|1,0.0,32,-0.055390820836231265,0.7633362800082542
15|0,49.2|0,0.0,101,0.21754115191792212,0.028867532279918985
15|0,52|0,0.0,78,0.22201792610772517,0.050747593461240026
15|0,53|0,0.0,86,0.06286091808014832,0.5653000985093037
15|0,57|0,0.0,84,0.030328597831637688,0.784189000116273
15|0,61|0,0.0,105,0.33804161630506274,0.00042053341793156333
15|0,62|0,0.018518518518518517,70,0.2030281212402746,0.09185833362772712
15|0,67|0,0.017543859649122806,129,-0.06349887705256925,0.47466421108436285
15|0,OC1|0,0.0,82,-0.022121369443522436,0.8436190907948415
15|0,OC2|0,0.0,56,-0.17796715341131528,0.18943566787245794
15|0,OC3|0,0.0,57,-0.025021376420928124,0.8534243816175031
21|0,22|0,0.36363636363636365,31,-0.23596899102352586,0.20126111085560228
21|0,31|0,0.0,55,0.2644146857302812,0.05108264027183508
21|0,34A|0,0.0,33,-0.39953376513245115,0.021249444860346706
21|0,34B|0,0.0,41,0.11543079833659084,0.4723455322929796
21|0,35|0,0.0,34,-0.05335857768100578,0.7644005096889279
21|0,36|0,0.0,33,-0.05099669662483271,0.7780652349604468
21|0,39A|0,0.0,55,-0.05441284029220142,0.6931674998254217
21|0,40|0,0.0,31,-0.14220298743174037,0.44539973856485343
21|0,41BC|0,0.045454545454545456,80,0.14293600932402856,0.2059274420340154
21|0,41JB|0,0.10526315789473684,77,-0.009454536577342567,0.9349584014011563
21|0,42S|0,0.0,53,-0.08658911054402117,0.5375603761088029
21|0,42T|0,0.05,40,-0.4175611142256682,0.007343735860668453
21|0,44|0,0.0,48,0.06392212763278753,0.6660077410550731
21|0,45|0,0.0,56,-0.017621516431437768,0.8974343094982319
21|0,49.2|0,0.0,66,-0.3409725635664484,0.00508443266777648
21|0,52|0,0.0,47,0.020867614502031825,0.8892731990240758
21|0,53|0,0.0,55,-0.15512564431789047,0.2581055338052713
21|0,57|0,0.0,53,-0.051847584736521214,0.7123485663467009
21|0,61|0,0.0,65,-0.045679606999982796,0.7178575294463415
21|0,62|0,0.06779661016949153,50,-0.19872103307875588,0.16652037105817596
21|0,67|0,0.03125,82,-0.2965762020625647,0.006819316752735352
21|0,OC1|0,0.0,52,-0.19972829506601636,0.15572451546530772
21|0,OC2|0,0.0,40,0.04021790194214825,0.8053771034408573
21|0,OC3|0,0.0,36,0.0804291680660571,0.641000212678467
22|0,31|0,0.0,60,-0.0764801530301384,0.5613736166784288
22|0,34A|0,0.03571428571428571,32,0.11176976396339318,0.5425090675923665
22|0,36|0,0.03125,30,0.1215764214819653,0.5221809661491768
22|0,39A|0,0.02631578947368421,43,0.15398358663282602,0.3241920334978127
22|0,40|0,0.0392156862745098,34,-0.1902562932694651,0.28113993029844736
22|0,41BC|0,0.0,66,-0.0936737090879303,0.4543903664547815
22|0,41JB|0,0.044444444444444446,66,-0.02839904776796784,0.8209273556118701
22|0,42S|0,0.14,35,0.12066971356899159,0.48988312831151803
22|0,42T|0,0.0,46,-0.03918935010636643,0.7959596502785898
22|0,44|0,0.03571428571428571,44,-0.057300595186525964,0.7117917286729134
22|0,45|0,0.043478260869565216,44,0.029814165415261235,0.8476528449263845
22|0,49.2|0,0.0,64,0.09233244771128601,0.46805124279741983
22|0,52|0,0.0,52,-0.15725753541425763,0.26554591859204807
22|0,53|0,0.0,50,0.02787241651646077,0.8476324766439068
22|0,57|0,0.0,38,-0.017670768233468748,0.9161383881706828
22|0,61|0,0.014925373134328358,56,-0.05252055847304712,0.700660596450826
22|0,62|0,0.13333333333333333,49,0.19943756358379577,0.16948192483902916
22|0,67|0,0.0,68,0.1489840826186038,0.22529891543705413
22|0,OC1|0,0.029850746268656716,51,0.009451514700934287,0.9475168303222926
22|0,OC2|0,0.03076923076923077,41,-0.12304543212212554,0.4434209685545003
22|0,OC3|0,0.0,36,0.21536524612697402,0.20714573803230338
24|0,31|0,0.05263157894736842,35,0.029002960572750452,0.8686394088989874
24|0,41BC|0,0.04081632653061224,39,-0.012273945346133248,0.9408833920692069
24|0,41JB|0,0.09302325581395349,37,0.044699015626767424,0.7927874761721903
24|0,49.2|0,0.02,35,0.22327966980200406,0.19728811645510977
24|0,52|0,0.0,33,-0.3322187561705995,0.05890362982138142
24|0,61|0,0.0,35,-0.1596258772783014,0.3596904600354085
24|0,62|0,0.07936507936507936,34,0.10835712375326682,0.5418667280030209
24|0,67|0,0.028985507246376812,39,0.34292457971184986,0.032584557990266064
24|0,OC1|0,0.0,32,0.3035126385648929,0.09127362222863648
26|0,31|0,0.0,42,-0.22166793724004183,0.15829170515810623
26|0,39A|0,0.0,40,0.000637438296266668,0.9968853297004523
26|0,41BC|0,0.045454545454545456,57,-0.05011775612983931,0.7112106068721276
26|0,41JB|0,0.10526315789473684,55,0.15008354141796085,0.2740896939548633
26|0,44|0,0.0,32,-0.07973195171946575,0.6644488888202739
26|0,45|0,0.0,39,-0.18111236846516587,0.26985212469360703
26|0,49.2|0,0.0,45,0.15873483235451152,0.29765162188321725
26|0,52|0,0.0,36,-0.21410857549439416,0.2098726249747316
26|0,53|0,0.0,37,-0.12777095423729654,0.45107632269275655
26|0,57|0,0.0,38,0.03794901858255083,0.8210456789168276
26|0,61|0,0.0,48,-0.14200361188666089,0.3356543820056414
26|0,62|0,0.16666666666666666,32,-0.2150043392819658,0.2373084158904572
26|0,67|0,0.03125,58,-0.04034079297860568,0.7636731635199697
26|0,OC1|0,0.0,45,-0.3573567433666803,0.01595527823875281
28|0,31|0,0.0,51,0.0004889375586248842,0.9972830912438464
28|0,34A|0,0.0,30,-0.005062194913041551,0.9788196608753235
28|0,34B|0,0.0,32,-0.08466675133346033,0.6449988555669088
28|0,36|0,0.0,34,-0.08558227624255466,0.6303423860383174
28|0,39A|0,0.0,40,0.2339254544038848,0.14627789224421872
28|0,40|0,0.0,39,-0.007816317493509035,0.9623335845141645
28|0,41BC|0,0.0,61,-0.045549144727513036,0.7274110324889461
28|0,41JB|0,0.0,59,0.04789372584177764,0.7186868491196752
28|0,42S|0,0.0,44,0.1892365209820749,0.21859640095717944
28|0,42T|0,0.0,39,-0.1413252492902685,0.39079312752890727
28|0,44|0,0.0,38,-0.09096890297443844,0.5870156872950004
28|0,45|0,0.0,44,0.35587940591437506,0.017745888381040652
28|0,49.2|0,0.0,63,-0.008062561636204857,0.9499941666661879
28|0,52|0,0.0,48,-0.0030222770056267806,0.9837346263668515
28|0,53|0,0.0,43,-0.10082808827521192,0.5200075326972023
28|0,57|0,0.0,44,-0.08518354199999206,0.5824716882795811
28|0,61|0,0.0,56,-0.06169003408689254,0.6515107554740942
28|0,67|0,0.0,67,0.08752767011588548,0.4812362736558824
28|0,OC1|0,0.0,45,-0.10388591393134872,0.4970628202217123
28|0,OC2|0,0.0,33,0.1836343623852451,0.30632861863335814
31|0,34A|0,0.0,56,0.1685819679425239,0.21423276948294315
31|0,34B|0,0.0,56,-0.09267805649541803,0.496909100454101
31|0,35|0,0.01282051282051282,48,-0.2026595779602354,0.1671439957864043
31|0,36|0,0.013333333333333334,58,0.08898824116813768,0.5065104548869768
31|0,39A|0,0.011494252873563218,81,-0.0170923165563932,0.8796200239237213
31|0,40|0,0.016129032258064516,60,0.09147014316105824,0.48700555497415615
31|0,41BC|0,0.0,120,0.0714476316095686,0.4380624559225405
31|0,41JB|0,0.0,121,0.0800968130518682,0.382486651873889
31|0,42S|0,0.0,72,0.18576250661690213,0.11821914349879502
31|0,42T|0,0.0,61,-0.2673956615972185,0.03722185113780544
31|0,44|0,0.014925373134328358,70,0.037389493311567636,0.7586166934809522
31|0,45|0,0.0,87,0.18029386030168248,0.09470783381777427
31|0,48|0,0.0,30,0.5045268534057302,0.004467197069901534
31|0,49.2|0,0.0,112,0.09785392969006916,0.3046857593748153
31|0,52|0,0.0,79,0.1329948729020924,0.24262860761299082
31|0,53|0,0.018518518518518517,88,0.09908369487325216,0.3583780063554073
31|0,55A|0,0.0,30,0.23062621089870694,0.22015038848205862
31|0,57|0,0.0,85,0.04712312220390898,0.6684625042206626
31|0,61|0,0.05405405405405406,110,0.18081051775584375,0.05871715506850974
31|0,62|0,0.05405405405405406,74,0.18547644526302606,0.11362062390014573
31|0,67|0,0.0,135,0.06668988658011873,0.44218001872237894
31|0,OC1|0,0.0,91,0.27851913728602784,0.007511084564015498
31|0,OC2|0,0.0,73,0.31486779351258776,0.006664050768797908
31|0,OC3|0,0.0,62,0.266900265794829,0.035992645206681134
31|1,41BC|0,0.0,34,0.1891624441527523,0.28396679885079673
31|1,41JB|0,0.0,36,0.17795633302608482,0.29909650751075817
31|1,61|0,0.0,30,0.09154799195549311,0.630420552949249
31|1,67|0,0.0,34,-0.05274009114937582,0.7670556886953638
32|0,33|0,0.22,35,0.49343128915128454,0.0025949238029679324
32|0,34A|0,0.0,35,0.010027114162090432,0.9544112357274277
32|0,35|0,0.0,30,0.011709487030720354,0.9510308963660514
32|0,36|0,0.0,39,-0.042064755491432196,0.7992947819733722
32|0,39A|0,0.0,40,0.29640274433298686,0.06328992848572165
32|0,40|0,0.0,30,0.5480274997674343,0.0017181763164530017
32|0,41BC|0,0.0,41,0.0793788729602946,0.6217766396622322
32|0,41JB|0,0.0,42,0.10285294580882591,0.5168751504729856
32|0,44|0,0.0,46,0.02977837578727302,0.8442563927026293
32|0,45|0,0.0,44,0.020623633287732923,0.8942903066639492
32|0,49.2|0,0.11320754716981132,45,0.0764956560718301,0.6174685787656486
32|0,53|0,0.0392156862745098,51,0.3062799605360949,0.02882433808103823
32|0,61|0,0.0,47,-0.03729462591973734,0.8034530079146748
32|0,62|0,0.0,36,-0.06006881254158619,0.7278343415685702
32|0,67|0,0.0,53,0.20065362283444807,0.14968476293449903
32|0,OC1|0,0.04054054054054054,38,0.16599193480837532,0.31925353518906857
32|0,OC2|0,0.041666666666666664,35,-0.28831279902566764,0.09303230414580291
32|0,OC3|0,0.10975609756097561,37,0.1484521915943288,0.3805522064649268
33|0,34A|0,0.0,46,0.18714806561712277,0.21298235274019953
33|0,36|0,0.0,55,0.12325501638860598,0.3699787159324324
33|0,39A|0,0.0,46,0.25066867918596675,0.0929038046721673
33|0,41BC|0,0.0,40,-0.20793248363629438,0.19791821219873107
33|0,41JB|0,0.0,41,0.11480804881950296,0.4747544046217936
33|0,44|0,0.0,54,0.1975965018684082,0.15208070495494386
33|0,45|0,0.0,56,-0.061851985367580256,0.6506550125906774
33|0,46|0,0.10227272727272728,30,-0.10003099026099338,0.598934230926058
33|0,48|0,0.0,34,0.13895393266344466,0.4331921929283821
33|0,49.2|0,0.125,62,0.2927170083684343,0.020956263043653812
33|0,53|0,0.09090909090909091,57,0.26285502926934085,0.04821888743386557
33|0,57|0,0.0975609756097561,43,0.07951466232777521,0.6122588264821798
33|0,61|0,0.0,59,0.1761393568662069,0.18205164316032982
33|0,62|0,0.0,40,0.07949323617294349,0.6258404769439342
33|0,67|0,0.0,60,0.4305756346069092,0.0005946311388239137
33|0,OC1|0,0.14285714285714285,39,0.10598298861604434,0.5207810171598403
33|0,OC2|0,0.14754098360655737,33,-0.05531148583199564,0.7598156725392523
33|0,OC3|0,0.2463768115942029,45,0.21247678301998765,0.16112807531663237
34A|0,35|0,0.1323529411764706,50,0.33713337202642885,0.01665886606814762
34A|0,36|0,0.1044776119402985,112,0.13930893197490804,0.14294244883734017
34A|0,39A|0,0.13157894736842105,108,0.1806279683543171,0.06138437017365722
34A|0,40|0,0.19607843137254902,64,0.235410684432492,0.06112664072012369
34A|0,41BC|0,0.0,96,0.03592498436205789,0.7282211186910812
34A|0,41JB|0,0.0,101,0.09934087428542307,0.3229646229305311
34A|0,42S|0,0.031746031746031744,47,0.3212551156109597,0.02767679842354469
34A|0,42T|0,0.0,39,0.32228556705698574,0.04539937910047441
34A|0,44|0,0.08196721311475409,110,0.21545538549539714,0.023789005527459904
34A|0,45|0,0.3333333333333333,111,0.10159905947949656,0.2886699932766757
34A|0,46|0,0.02,45,0.5890754805480657,2.071914061482841e-05
34A|0,48|0,0.060240963855421686,52,0.30598853155652167,0.027377832733159243
34A|0,49.2|0,0.1346153846153846,112,0.5114934124962043,8.247002891910485e-09
34A|0,52|0,0.010416666666666666,44,0.04859090031974589,0.7541122194124055
34A|0,53|0,0.0392156862745098,116,0.2785334402793134,0.002465368645027359
34A|0,55A|0,0.0,36,0.21007510232521856,0.21879227676993535
34A|0,57|0,0.02040816326530612,77,0.1930219016765843,0.09258562534912307
34A|0,61|0,0.0,104,0.2998698550828243,0.0019839649338179474
34A|0,62|0,0.0,88,0.3910771983586419,0.00016497090012235397
34A|0,67|0,0.0,114,0.0951647031128296,0.313852553151539
34A|0,OC1|0,0.0547945205479452,94,0.06726380662821715,0.5194773730550427
34A|0,OC2|0,0.056338028169014086,75,0.08791661436422268,0.45322688866761024
34A|0,OC3|0,0.0,82,0.0437792688025516,0.6961377352098506
34B|0,35|0,0.05084745762711865,46,0.3095260965493773,0.03632729266086422
34B|0,36|0,0.05357142857142857,63,0.3457655945397751,0.005509272979743542
34B|0,39A|0,0.04411764705882353,73,-0.06266704290697998,0.5983989936486126
34B|0,40|0,0.06976744186046512,50,-0.04655360970802015,0.7481862531488638
34B|0,41BC|0,0.0,93,-0.062408647941429654,0.5523200787723033
34B|0,41JB|0,0.0,95,-0.11428115435943945,0.270137241381968
34B|0,42S|0,0.0,64,0.12136221711716877,0.33942634182379455
34B|0,44|0,0.02,76,0.3947310731821657,0.0004177745020639826
34B|0,45|0,0.0,76,-0.09676190896490963,0.4056776337868442
34B|0,48|0,0.013888888888888888,37,0.380503216579017,0.020167073307629024
34B|0,49.2|0,0.0,86,0.19405057736688186,0.07340936627309962
34B|0,52|0,0.012345679012345678,63,0.1523042129197439,0.23340385725014023
34B|0,53|0,0.0,101,0.1957335331053864,0.049805449823674325
34B|0,57|0,0.0,93,-0.047465536427756055,0.6514094424023632
34B|0,61|0,0.0,82,0.09605642502637687,0.3906374911652343
34B|0,67|0,0.0,111,-0.06072487173457052,0.5266561976451691
34B|0,OC2|0,0.0,70,0.02844214116993813,0.8151972531611292
34B|0,OC3|0,0.0,70,0.44014814445117956,0.00013739115253844477
35|0,36|0,0.2318840579710145,50,-0.07967288030494174,0.5823203265831913
35|0,39A|0,0.24358974358974358,73,-0.02850998411594119,0.8107692571742209
35|0,40|0,0.3584905660377358,42,0.0869202881814039,0.5841412495344658
35|0,41BC|0,0.0,88,6.734712822326679e-05,0.9995031264420879
35|0,41JB|0,0.0,89,-0.02661945584203551,0.8044274788073859
35|0,42S|0,0.02702702702702703,40,-0.19129142071491156,0.23703633440080743
35|0,44|0,0.203125,74,0.20190255215145742,0.08451363076161277
35|0,45|0,0.09836065573770492,85,0.04759871910363049,0.6653153901126923
35|0,46|0,0.008928571428571428,54,0.3249698675306363,0.01650167540075872
35|0,48|0,0.2857142857142857,78,0.30440325396456114,0.006735667260921764
35|0,49.2|0,0.0,88,0.20626950341882241,0.053842478419268244
35|0,52|0,0.30120481927710846,41,0.5093884883005274,0.0006702241092101346
35|0,53|0,0.14285714285714285,82,0.24219517650093184,0.028361355670466232
35|0,55A|0,0.0,51,-0.02789411077626118,0.8459386113499577
35|0,57|0,0.0,72,-0.08181577501145716,0.4944636814878626
35|0,61|0,0.0,90,0.08357970347775688,0.43351273633947224
35|0,62|0,0.0,67,0.18922155434674306,0.1251309306540718
35|0,67|0,0.0,109,0.025390953516711726,0.7932633022760598
35|0,OC1|0,0.047619047619047616,76,-0.0035764454380954854,0.9755390284737304
35|0,OC2|0,0.04878048780487805,56,0.060865425108353785,0.6558748529959324
35|0,OC3|0,0.0,53,0.015028507651925108,0.9149426726063045
36|0,39A|0,0.189873417721519,108,0.38333868827944484,4.221902081901988e-05
36|0,40|0,0.2777777777777778,66,-0.010047214271007882,0.9361844560241112
36|0,41BC|0,0.0,100,-0.016418879781598145,0.871199189792499
36|0,41JB|0,0.0,102,-0.05231278210484648,0.6015453619181984
36|0,42S|0,0.028169014084507043,49,0.212167402342284,0.14331625257982458
36|0,42T|0,0.0,42,-0.041228203871274946,0.7954531051766813
36|0,44|0,0.39622641509433965,117,0.14185967738497526,0.12708482146212594
36|0,45|0,0.06666666666666667,120,-0.06258928643664695,0.4970611322192011
36|0,46|0,0.009174311926605505,53,0.3094041070049104,0.024169900882012693
36|0,48|0,0.11627906976744186,57,0.12653929281751197,0.3482634515253931
36|0,49.2|0,0.03076923076923077,122,0.2596440821746194,0.003876490333573035
36|0,52|0,0.009615384615384616,45,0.12689831884980113,0.406159525660011
36|0,53|0,0.08928571428571429,126,0.40733850943317107,2.2041359242589033e-06
36|0,55A|0,0.0,39,-0.04281142254904749,0.7958071282006285
36|0,57|0,0.0,88,0.05348216100778572,0.6206791612292104
36|0,61|0,0.0,110,-0.030389301230714486,0.7526420542059189
36|0,62|0,0.0,88,0.3527921466720613,0.000748274054699547
36|0,67|0,0.0,124,0.13649121529404515,0.1306376143413106
36|0,OC1|0,0.11842105263157894,96,-0.08809158083270452,0.39339753039039643
36|0,OC2|0,0.12162162162162163,78,0.22919442833388354,0.043542935928257226
36|0,OC3|0,0.0,86,0.3737368844703939,0.0003933031244446767
37|0,67|0,0.0,30,-0.1419269595934164,0.4543793215673695
39A|0,39A|1,0.01834862385321101,30,0.474819022611937,0.008017796563337665
39A|0,40|0,0.32786885245901637,76,0.22895343601042956,0.0466570021755867
39A|0,41BC|0,0.0,140,0.19436311373111578,0.021385582420826225
39A|0,41JB|0,0.0,141,0.1275604777669684,0.13171369780602296
39A|0,42S|0,0.024096385542168676,69,0.11823919147060175,0.33323160119518197
39A|0,42T|0,0.0,65,-0.023385200597115616,0.8533039268948305
39A|0,44|0,0.16216216216216217,116,0.33366580188858547,0.00025197279916673983
39A|0,45|0,0.08571428571428572,136,0.33894022740913143,5.429023863488182e-05
39A|0,45|1,0.0,45,-0.25233922904200407,0.09446649945843939
39A|0,46|0,0.0990990990990991,48,0.19603225711194164,0.18176207052169502
39A|0,48|0,0.04854368932038835,56,0.26975262557092716,0.04437250788238455
39A|0,49.2|0,0.0,136,0.08348071029992576,0.3339211941173753
39A|0,52|0,0.017391304347826087,66,-0.08171013996464174,0.5142560519311334
39A|0,53|0,0.12307692307692308,128,0.09571995919752965,0.28246682856136734
39A|0,55A|0,0.008771929824561403,39,-0.13740244626603082,0.4042095051500382
39A|0,57|0,0.0,107,-0.15674618395333362,0.10688923646423526
39A|0,61|0,0.0,140,0.12231092576837713,0.14996965328545905
39A|0,62|0,0.0,101,0.29218119307303897,0.003028626768653349
39A|0,67|0,0.0,152,0.014523027586614926,0.8590503159361786
39A|0,OC1|0,0.3108108108108108,120,0.19952391938324182,0.02890238559508296
39A|0,OC2|0,0.05555555555555555,82,0.2887388193766736,0.008518712118498117
39A|0,OC3|0,0.00909090909090909,84,0.3854325431444874,0.000293959758025779
39A|1,41BC|0,0.0,33,0.36944981764164125,0.034344357001746206
39A|1,41JB|0,0.0,30,0.38809895674355366,0.03406949007873031
39A|1,45|0,0.0,33,0.34038992580140887,0.052584197972308754
39A|1,49.2|0,0.024390243902439025,35,0.372729528405724,0.027442759019827165
39A|1,67|0,0.0,36,0.3041739779659206,0.07128733625475944
39A|1,OC1|0,0.02,31,0.07148777794512103,0.7023426450699365
40|0,41BC|0,0.0,85,0.20767307148360242,0.05650111166954886
40|0,41JB|0,0.0,86,0.03796792355551792,0.7285365291019968
40|0,42S|0,0.034482758620689655,42,-0.13310063635287095,0.40073627958781644
40|0,42T|0,0.0,39,0.13073932903166738,0.4275934335488467
40|0,44|0,0.24489795918367346,69,0.02070614125801336,0.8658957630431829
40|0,45|0,0.13333333333333333,82,0.1331906897489929,0.23290834033760266
40|0,48|0,0.07792207792207792,30,0.10366427329670351,0.5856582350146071
40|0,49.2|0,0.0,89,0.09968655359994402,0.3526484865108585
40|0,52|0,0.022222222222222223,60,-0.10505718897380223,0.42436855194059364
40|0,53|0,0.2,77,0.31909609116603155,0.004675103023167872
40|0,57|0,0.0,64,-0.07247680007789832,0.569263815014333
40|0,61|0,0.0,81,0.44668993237122623,2.9137628258518413e-05
40|0,62|0,0.0,68,0.08424528208068642,0.4945812934595495
40|0,67|0,0.0,97,-0.048772977728691415,0.6352051181690757
40|0,OC1|0,0.058823529411764705,76,0.04044204315148089,0.7286932204187347
40|0,OC2|0,0.06060606060606061,58,-0.1406192659409109,0.29240786235840255
40|0,OC3|0,0.0,52,0.16800610958402945,0.23383286138236736
41BC|0,41JB|0,0.2972972972972973,205,0.2708291159224208,8.578788616952332e-05
41BC|0,42S|0,0.09433962264150944,109,-0.010884996596739395,0.9105571188268037
41BC|0,42T|0,0.37142857142857144,86,0.06123008088058473,0.5754512600426304
41BC|0,44|0,0.0,119,-0.10634125543013345,0.24970396297860656
41BC|0,45|0,0.0,139,0.0465602097592966,0.5862522025076043
41BC|0,45|1,0.0,50,0.04530781757830286,0.7547122734889795
41BC|0,46|0,0.0,47,0.17935384747636396,0.22770608320539817
41BC|0,48|0,0.0,67,0.21102615606448544,0.08649579865162575
41BC|0,49.2|0,0.0,175,0.06223993147149397,0.4132144164842088
41BC|0,52A|0,0.0,36,-0.2719057260962129,0.10865928132293018
41BC|0,52|0,0.0,111,0.08370200751221715,0.3824414232965645
41BC|0,53|0,0.0,144,0.06651844401849924,0.42827767614047213
41BC|0,55A|0,0.0,52,-0.07308304093821524,0.6066315409787585
41BC|0,57|0,0.0,134,-0.058524342901477,0.5017763881735348
41BC|0,61|0,0.38,185,0.046315026716654974,0.5313026039238573
41BC|0,62|0,0.0,121,0.12942218275626174,0.15711997139505307
41BC|0,62|1,0.0,40,0.1360602724030635,0.4025157069876
41BC|0,67|0,0.14285714285714285,218,-0.018523795329230073,0.7856593060483499
41BC|0,OC1|0,0.0,133,0.034449193268078784,0.6938363517969401
41BC|0,OC2|0,0.0,99,0.1280363097143275,0.206599550892327
41BC|0,OC3|0,0.0,103,-0.04233498157710944,0.6711282919455818
41BC|0,OC3|1,0.0,34,0.32043247810269143,0.0646609140911168
41JB|0,42S|0,0.0,110,-0.09932736759789067,0.30188037033868487
41JB|0,42T|0,0.1282051282051282,90,-0.0313641506534451,0.7691710136997149
41JB|0,44|0,0.0,117,0.022204719908740865,0.8121670501525954
41JB|0,45|0,0.0,139,0.0838261412128789,0.3265438543366128
41JB|0,45|1,0.0,49,0.08292172489294972,0.5710916222002784
41JB|0,46|0,0.0,43,0.3056633278486251,0.0462289814617686
41JB|0,48|0,0.0,63,-0.022196804997557835,0.8629069949183173
41JB|0,49.2|0,0.0,172,0.02472510138331028,0.7474895224383122
41JB|0,52A|0,0.0,36,0.0007338902525893072,0.9966106492840883
41JB|0,52|0,0.0,114,0.011773850641009588,0.9010546141506676
41JB|0,53|0,0.0,144,0.23682497817100895,0.004264503274841576
41JB|0,55A|0,0.0,48,-0.003557471128079248,0.9808547982795021
41JB|0,57|0,0.0,140,-0.041881277728567715,0.6232009670114326
41JB|0,61|0,0.1016949152542373,190,0.0024254529531266148,0.9735055365421137
41JB|0,62|0,0.031746031746031744,118,0.22392501860799416,0.014785430292248389
41JB|0,62|1,0.0,40,0.044173747709086,0.7866584875062709
41JB|0,67|0,0.0625,215,0.032856184172220144,0.6318766488031867
41JB|0,OC1|0,0.0,138,0.12126979441970548,0.15651965483893338
41JB|0,OC2|0,0.0,97,0.04162102477134941,0.6856385107990036
41JB|0,OC3|0,0.0,105,-0.07537968111826739,0.4447159069675188
41JB|0,OC3|1,0.0,33,0.18432352720035933,0.30448530298691584
42S|0,42T|0,0.10204081632653061,58,0.06854694868797073,0.6091578535350279
42S|0,44|0,0.031746031746031744,61,0.003970557624275404,0.9757722888720852
42S|0,45|0,0.03773584905660377,73,-0.041359458441164496,0.7282721294673845
42S|0,49.2|0,0.0,75,0.13566481014946577,0.2458318783880284
42S|0,52|0,0.0,62,0.13665499752592514,0.28955303099323837
42S|0,53|0,0.0,78,-0.043373924901005,0.7061282793549686
42S|0,57|0,0.0,79,-0.00033274300938178716,0.997677884829454
42S|0,61|0,0.11940298507462686,96,-0.037214404202949115,0.7188669288501103
42S|0,62|0,0.0273972602739726,60,0.13469762818389888,0.3048441959906483
42S|0,62|1,0.013888888888888888,32,-0.20226391265878735,0.26692209342336476
42S|0,67|0,0.16417910447761194,117,0.06383868741587098,0.49409826417673947
42S|0,OC1|0,0.02702702702702703,74,-0.13112331559952844,0.2654602048039216
42S|0,OC2|0,0.027777777777777776,61,0.01672134698397418,0.8982241531108153
42S|0,OC3|0,0.0,54,0.2856292779398815,0.03629028720872712
42T|0,44|0,0.0,54,0.013646377314424784,0.9219814817664822
42T|0,45|0,0.0,64,-0.07849712280596535,0.5375298857885155
42T|0,45|1,0.0,30,-0.08175407071683907,0.66757498049752
42T|0,49.2|0,0.0,72,0.26943943380214397,0.022093212500774857
42T|0,52|0,0.0,55,-0.10746897925182676,0.4348197922893852
42T|0,53|0,0.0,60,-0.23176794645365886,0.07477360523297184
42T|0,57|0,0.0,64,0.08247394018232422,0.5170543448474536
42T|0,61|0,0.1016949152542373,77,0.10448919687813674,0.36579875755716906
42T|0,62|0,0.0,46,-0.15923785940800816,0.29049130734054973
42T|0,67|0,0.19298245614035087,89,0.022030573231637506,0.8376324581244148
42T|0,OC1|0,0.0,67,-0.14337393148396707,0.24707935732300113
42T|0,OC2|0,0.0,49,-0.20669455315343543,0.15417143682851533
42T|0,OC3|0,0.0,45,-0.2175835091334946,0.1510626800953084
44|0,45|0,0.07692307692307693,131,0.15723648516558755,0.07288028806738163
44|0,46|0,0.0,58,0.2976230260541998,0.02326994107800891
44|0,48|0,0.11392405063291139,76,0.14926546807745167,0.19812107308768856
44|0,49.2|0,0.03508771929824561,134,0.2534006972110586,0.00313462144415196
44|0,52|0,0.0,55,0.09884695465677935,0.47276215372461944
44|0,53|0,0.10416666666666667,144,0.19785207662340973,0.01745027636390391
44|0,55A|0,0.0,56,0.0252625023277006,0.8533758313801209
44|0,57|0,0.0,103,-0.038220236354620664,0.7014979292161965
44|0,61|0,0.0,125,0.05923196960410056,0.5117231115854279
44|0,62|0,0.0,100,0.29394477386741985,0.002993918788825873
44|0,67|0,0.0,143,0.028795092055582703,0.7328115868745241
44|0,OC1|0,0.1323529411764706,113,0.06585061109332487,0.48832762278250574
44|0,OC2|0,0.13636363636363635,95,-0.00029582828661809356,0.997729856964783
44|0,OC3|0,0.0,96,-0.07686992602133008,0.45663169169557066
45|0,45|1,0.04,30,0.2936427450431973,0.115267069228321
45|0,46|0,0.0,57,0.17980690745260947,0.18077435942401032
45|0,48|0,0.05405405405405406,67,0.18564148804623426,0.1325678856540148
45|0,49.2|0,0.32432432432432434,154,0.26399681902127314,0.0009385913000094223
45|0,52|0,0.0,70,0.30330292131039915,0.010699798616598552
45|0,53|0,0.04878048780487805,142,-0.011504108464507388,0.8919160706707243
45|0,55A|0,0.0,54,0.12881547279963765,0.3532401616546164
45|0,57|0,0.02564102564102564,128,-0.11882195744414013,0.18159264732190036
45|0,61|0,0.0,145,0.1833423049789261,0.027288113836847587
45|0,62|0,0.0,112,0.30687510230822723,0.0009982823491086618
45|0,67|0,0.0,171,-0.08801573705243416,0.25231838326721817
45|0,OC1|0,0.06349206349206349,128,0.17063311070702197,0.054141500156603496
45|0,OC2|0,0.06557377049180328,92,0.11892548427328445,0.25885172550906327
45|0,OC3|0,0.0,95,-0.052045736303847165,0.6164391798446768
45|1,49.2|0,0.0,40,-0.2912491557014876,0.06824789568098992
45|1,53|0,0.020833333333333332,37,-0.20722863416994336,0.2184461077270726
45|1,57|0,0.022222222222222223,40,0.03458886315041787,0.8321962764502839
45|1,61|0,0.02857142857142857,48,0.05766264622477658,0.6970601111949344
45|1,67|0,0.0,53,-0.12561859577630136,0.37010976626284553
45|1,OC1|0,0.0,33,-0.4343244364358046,0.011551665348013858
46|0,48|0,0.09734513274336283,62,0.32764791261167214,0.009333623533214925
46|0,49.2|0,0.06741573033707865,53,0.5612911461284066,1.2298337715530415e-05
46|0,53|0,0.047058823529411764,63,0.5285014315442741,8.499863999422113e-06
46|0,55A|0,0.37894736842105264,37,0.30576893335185,0.06570366893427272
46|0,57|0,0.04878048780487805,39,-0.020087717409690786,0.9033913474299947
46|0,61|0,0.0,53,0.26050622643068977,0.059569925904385604
46|0,62|0,0.0,48,0.6168669394901027,3.0259935519358023e-06
46|0,67|0,0.0,65,-0.05244716604576721,0.6781976643248279
46|0,OC1|0,0.0,42,0.2748467919113901,0.07814408465722884
46|0,OC2|0,0.0,42,0.20811808376460642,0.18597128792719894
46|0,OC3|0,0.20952380952380953,47,0.3521582852398937,0.015199404450863528
48|0,49.2|0,0.0,72,0.19396582641654686,0.10255410231993208
48|0,53|0,0.0,81,0.2838381673602176,0.01023211966423152
48|0,55A|0,0.0,50,-0.3287308855732217,0.019759842242128123
48|0,57|0,0.0,55,0.18147378916265308,0.18484846193858256
48|0,61|0,0.0,71,0.1780699964969773,0.13735480137501235
48|0,62|0,0.0,61,0.5215772754571318,1.629730462014218e-05
48|0,67|0,0.0,84,-0.04553144396100571,0.6808795686094858
48|0,OC1|0,0.11235955056179775,54,0.31340306944019136,0.021020493931894573
48|0,OC2|0,0.11494252873563218,53,0.2375634520954627,0.08673745183164504
48|0,OC3|0,0.0,54,0.6793081419928064,1.631239009412085e-08
49.2|0,52A|0,0.0,35,0.22551603370349377,0.19272085681066473
49.2|0,52|0,0.0,98,0.41229963288394295,2.4601246244733633e-05
49.2|0,53|0,0.045454545454545456,151,0.34004687900338604,1.938590963399397e-05
49.2|0,55A|0,0.0,49,0.14411908069338278,0.3231721254765291
49.2|0,57|0,0.075,129,0.11737235328311654,0.185270041941434
49.2|0,61|0,0.0,178,0.17555499316158765,0.01908186911750124
49.2|0,62|0,0.0,129,0.3704553553753984,1.5504967038095284e-05
49.2|0,67|0,0.0,213,0.13572731675164987,0.0478855103486116
49.2|0,OC1|0,0.0,135,0.014527590686068372,0.8671854986041792
49.2|0,OC2|0,0.0,95,-0.058739420403659884,0.5717810233344822
49.2|0,OC3|0,0.06329113924050633,100,-0.030325697977738535,0.7645485153768773
49.2|0,OC3|1,0.0,32,0.17593529205461902,0.3354547598284287
52A|0,52|0,0.31645569620253167,32,0.07045716311583605,0.7015823016311317
52A|0,61|0,0.0,30,-0.07639780604049905,0.68823251768612
52A|0,67|0,0.0,36,0.15553723568964523,0.36503210570125194
52|0,53|0,0.0,79,0.057361688845159936,0.6155766947286051
52|0,57|0,0.0,73,-0.17039694384203927,0.14949762429907998
52|0,61|0,0.0,96,0.36068787105719385,0.00030616616625733025
52|0,62|0,0.0,62,0.244832147292263,0.05512655702272436
52|0,67|0,0.0,117,-0.08386013583126474,0.368689008250433
52|0,OC1|0,0.009345794392523364,87,-0.264478835228626,0.013306324707368415
52|0,OC2|0,0.019230769230769232,56,0.003149396921501662,0.981621227555096
52|0,OC3|0,0.0,59,-0.14956459665865965,0.2582148696976627
53|0,55A|0,0.0,57,-0.047791498799117454,0.7240689807108825
53|0,57|0,0.1935483870967742,135,0.1945697614498951,0.023738770261635993
53|0,61|0,0.016129032258064516,143,0.2052532189024474,0.013925821444234933
53|0,62|0,0.0,112,0.44329346284900994,9.837423465915912e-07
53|0,67|0,0.0,176,0.10717135809727776,0.1568520923969698
53|0,OC1|0,0.0,130,0.054047622247370364,0.5413766150891268
53|0,OC2|0,0.0,111,0.18554567913935532,0.05121414107615198
53|0,OC3|0,0.05405405405405406,119,0.18134109695307582,0.04841433200923265
53|0,OC3|1,0.0,35,0.4200307026510169,0.012001707207216291
55A|0,57|0,0.0,45,-0.1682661551538067,0.269202491289262
55A|0,61|0,0.0,51,0.0008724627678654371,0.9951519534618402
55A|0,62|0,0.0,44,0.07680725871568303,0.6202135701904032
55A|0,67|0,0.0,57,0.031923953028015234,0.8136337384003564
55A|0,OC1|0,0.009523809523809525,45,-0.26721621199267137,0.07597659693215815
55A|0,OC2|0,0.0,39,-0.0012200783452348957,0.994118463369669
55A|0,OC3|0,0.12149532710280374,40,-0.16613114009610422,0.305585377928398
57|0,61|0,0.034482758620689655,124,-0.0793924471192092,0.3807540238721255
57|0,62|0,0.0,78,0.08824225366635428,0.4423372217537782
57|0,67|0,0.0,162,0.09809647536706471,0.2142758406502485
57|0,OC1|0,0.0,113,0.12731366703395092,0.17901613450130127
57|0,OC2|0,0.0,84,0.18338786895914466,0.0949615951491328
57|0,OC3|0,0.056338028169014086,90,-0.019581418447203288,0.8546517092136723
61|0,62|0,0.04878048780487805,120,0.13093520585164434,0.15402573949255496
61|0,62|1,0.012048192771084338,34,0.03682051342123217,0.8362145471810547
61|0,67|0,0.047058823529411764,212,0.019594118053862797,0.7766899922105951
61|0,OC1|0,0.0,130,-0.016438764483629083,0.8527325345949281
61|0,OC2|0,0.0,90,-0.046111906884064885,0.6660534666395
61|0,OC3|0,0.0,99,0.04992824682630246,0.6235842931057459
62|0,67|0,0.0,133,0.0722834740249076,0.4083350107867039
62|0,OC1|0,0.0,101,0.23368032227532343,0.018678427007190492
62|0,OC2|0,0.0,75,0.29876744636731417,0.009222230409554314
62|0,OC3|0,0.0,83,0.10994785733606163,0.32242567638337377
62|1,67|0,0.0,43,-0.1009664366193534,0.5194320897762185
67|0,OC1|0,0.0,155,-0.01656699607451038,0.8378831651922392
67|0,OC2|0,0.0,116,0.14196246016333272,0.1284772786619845
67|0,OC3|0,0.0,123,0.20061832046128877,0.026086743457916752
67|0,OC3|1,0.0,35,0.09660399918029478,0.5809107262156566
OC1|0,OC2|0,0.43333333333333335,94,0.15559554042430324,0.13426141422796403
OC1|0,OC3|0,0.18604651162790697,98,0.2173959605035508,0.03153267807641371
OC1|0,OC3|1,0.07216494845360824,31,0.32438493317935013,0.07501458216785474
OC2|0,OC3|0,0.26582278481012656,82,0.29292451490199084,0.007569863155545808
OC2|0,OC3|1,0.14606741573033707,33,0.16328856878770062,0.3638952045884205
OC3|0,OC3|1,0.11320754716981132,30,0.03490018101577652,0.8547280710805093
